FULL NAME,TEAM,AGE,DATE OF BIRTH,HEIGHT,WEIGHT,TEAM,NATIONALITY,DRAFT YEAR,DRAFT ROUND,DRAFT NUMBER,GP,PTS,REB,AST,NETRTG,OREB%,DREB%,USG%,TS%,AST%
Aaron Gordon,DEN,26,8-Jun,80,235,Arizona,USA,2014,1,4,53,14.5,5.8,2.6,7,0.057,0.124,0.191,0.598,0.114
Aaron Henry,PHI,22,5-Jun,77,210,Michigan State,USA,Undrafted,Undrafted,Undrafted,6,0.3,0.2,0,-56,0,0.048,0.149,0.2,0
Aaron Holiday,PHX,25,Jun-00,72,185,UCLA,USA,2018,1,23,44,6.2,1.7,2,-4.9,0.014,0.086,0.177,0.563,0.192
Aaron Nesmith,BOS,22,5-Jun,77,215,Vanderbilt,USA,2020,1,14,41,3.5,1.7,0.3,2.2,0.026,0.119,0.166,0.479,0.045
Aaron Wiggins,OKC,23,4-Jun,76,190,Maryland,USA,2021,2,55,34,7.1,3.4,1.1,-4.2,0.036,0.103,0.134,0.561,0.073
Abdel Nader,PHX,28,5-Jun,77,225,Iowa State,Egypt,2016,2,58,14,2.4,1.9,0.5,-0.9,0.026,0.145,0.139,0.431,0.065
Ade Murkey,SAC,24,5-Jun,77,200,Denver,USA,Undrafted,Undrafted,Undrafted,1,0,0,0,-33.3,0,0,0,0,0
Admiral Schofield,ORL,24,5-Jun,77,241,Tennessee,United Kingdom,2019,2,42,24,3.5,2,0.7,-6.6,0.032,0.134,0.134,0.584,0.089
Ahmad Caver,IND,25,2-Jun,74,174,Old Dominion,USA,2019,,,1,2,0,0,133.3,0,0,0.5,1,0
Al Horford,BOS,35,9-Jun,81,240,Florida,Dominican Republic,2007,1,3,51,10.1,7.5,3.4,5.9,0.054,0.2,0.157,0.548,0.173
Alec Burks,NYK,30,6-Jun,78,214,Colorado,USA,2011,1,12,58,10.9,4.4,2.7,0.9,0.021,0.138,0.176,0.544,0.155
Aleem Ford,ORL,24,8-Jun,80,220,Wisconsin,USA,Undrafted,Undrafted,Undrafted,5,2.8,3,0.4,-22.1,0.028,0.16,0.148,0.35,0.043
Aleksej Pokusevski,OKC,20,Jul-00,84,190,None,Serbia,2020,1,17,42,5.5,4.3,1.2,-4.3,0.051,0.198,0.184,0.452,0.115
Alex Caruso,CHI,27,5-Jun,77,186,Texas A&M,USA,Undrafted,Undrafted,Undrafted,28,8.4,3.9,3.9,9.1,0.032,0.106,0.136,0.563,0.191
Alex Len,SAC,28,Jul-00,84,250,Maryland,Ukraine,2013,1,5,33,6.2,4.6,1.2,-7.3,0.077,0.182,0.163,0.573,0.106
Alfonzo McKinnie,CHI,29,7-Jun,79,215,Wisconsin-Green Bay,USA,Undrafted,Undrafted,Undrafted,17,3.5,1.9,0.3,-12.9,0.059,0.115,0.148,0.457,0.034
Alize Johnson,WAS,25,8-Jun,80,212,Missouri State,USA,2018,2,50,19,1.7,2.5,0.4,-20.2,0.142,0.213,0.134,0.492,0.09
Alperen Sengun,HOU,19,10-Jun,82,243,None,Turkey,2021,1,16,50,8.7,4.8,2.5,-11.5,0.083,0.171,0.213,0.56,0.211
Amir Coffey,LAC,24,7-Jun,79,210,Minnesota,USA,Undrafted,Undrafted,Undrafted,48,8.4,3,1.6,0.1,0.021,0.103,0.143,0.617,0.103
Andre Drummond,BKN,28,10-Jun,82,279,Connecticut,USA,2012,1,9,52,6.3,9,2,1.6,0.146,0.327,0.172,0.535,0.156
Andre Iguodala,GSW,38,6-Jun,78,215,Arizona,USA,2004,1,9,26,4.1,3.3,3.8,10.6,0.036,0.116,0.109,0.491,0.263
Andrew Wiggins,GSW,26,7-Jun,79,197,Kansas,Canada,2014,1,1,54,17.7,4.2,2.1,8,0.032,0.093,0.224,0.579,0.108
Anfernee Simons,POR,22,3-Jun,75,181,None,USA,2018,1,24,53,17,2.7,3.9,-0.8,0.015,0.076,0.239,0.582,0.216
Anthony Davis,LAL,28,10-Jun,82,253,Kentucky,USA,2012,1,1,37,23.1,9.7,2.9,-2.4,0.076,0.186,0.261,0.582,0.14
Anthony Edwards,MIN,20,4-Jun,76,225,Georgia,USA,2020,1,1,53,21.9,4.8,3.6,5,0.024,0.111,0.268,0.553,0.162
Anthony Gill,WAS,29,7-Jun,79,230,Virginia,USA,Undrafted,Undrafted,Undrafted,26,3.6,1.5,0.5,10.7,0.083,0.094,0.145,0.712,0.088
Anthony Lamb,SAS,24,6-Jun,78,227,Vermont,USA,Undrafted,Undrafted,Undrafted,2,0,0.5,1,29.4,0,0.125,0.105,0,0.4
Armoni Brooks,HOU,23,3-Jun,75,195,Houston,USA,2019,,,41,6.2,2,1.2,-4,0.016,0.097,0.168,0.49,0.102
Arnoldas Kulboka,CHA,24,10-Jun,82,209,None,Lithuania,2018,2,55,1,0,0,0,-133.3,0,0,0,0,0
Austin Reaves,LAL,23,5-Jun,77,197,Oklahoma,USA,Undrafted,Undrafted,Undrafted,39,6.2,2.6,1.3,7.3,0.026,0.088,0.109,0.626,0.079
Austin Rivers,DEN,29,4-Jun,76,200,Duke,USA,2012,1,10,44,6,1.7,1.1,0.3,0.017,0.065,0.133,0.539,0.075
Avery Bradley,LAL,31,3-Jun,75,180,Texas-Austin,USA,2010,1,19,49,6.6,2.3,0.8,-4.7,0.022,0.071,0.123,0.533,0.048
Ayo Dosunmu,CHI,22,4-Jun,76,200,Illinois,USA,2021,2,38,54,8.1,2.8,3.1,-0.9,0.013,0.095,0.131,0.611,0.156
BJ Johnson,ORL,26,6-Jun,78,200,La Salle,USA,Undrafted,Undrafted,Undrafted,4,6.5,3.8,0,-9.2,0.091,0.122,0.169,0.52,0
Bam Adebayo,MIA,24,9-Jun,81,255,Kentucky,USA,2017,1,14,34,18.6,10.2,3.5,7.3,0.087,0.218,0.25,0.577,0.178
Ben McLemore,POR,29,3-Jun,75,195,Kansas,USA,2013,1,7,42,9.1,1.6,0.9,-8.4,0.013,0.069,0.198,0.561,0.075
Bismack Biyombo,PHX,29,8-Jun,80,255,None,DRC,2011,1,7,17,8.5,6.4,0.8,11.7,0.144,0.193,0.18,0.612,0.062
Blake Griffin,BKN,32,9-Jun,81,250,Oklahoma,USA,2009,1,1,48,6.7,4.4,2,-3.9,0.063,0.167,0.166,0.508,0.156
Boban Marjanovic,DAL,33,3-Jul,87,290,None,Serbia,Undrafted,Undrafted,Undrafted,17,4.8,1.8,0.1,14.8,0.074,0.219,0.319,0.632,0.038
Bobby Portis,MIL,27,10-Jun,82,250,Arkansas,USA,2015,1,22,51,15.3,9.1,1.3,6.3,0.086,0.208,0.214,0.576,0.067
Bogdan Bogdanovic,ATL,29,6-Jun,78,225,None,Serbia,2014,1,27,40,13.3,3.9,3,1.3,0.011,0.118,0.191,0.563,0.148
Bojan Bogdanovic,UTA,32,7-Jun,79,226,None,Croatia,2011,2,31,56,17.8,4.4,1.7,5.6,0.027,0.107,0.23,0.594,0.084
Bol Bol,ORL,22,2-Jul,86,220,Oregon,Sudan,2019,2,44,14,2.4,1.4,0.4,0.5,0.049,0.211,0.16,0.565,0.102
Bones Hyland,DEN,21,2-Jun,74,169,Virginia Commonwealth,USA,2021,1,26,46,8.8,2.7,2,0.7,0.009,0.147,0.232,0.51,0.173
Brad Wanamaker,WAS,32,3-Jun,75,210,Pittsburgh,USA,Undrafted,Undrafted,Undrafted,23,3.6,1.7,2.4,-6.4,0.018,0.107,0.146,0.472,0.243
Bradley Beal,WAS,28,4-Jun,76,207,Florida,USA,2012,1,3,40,23.2,4.7,6.6,-3.5,0.026,0.099,0.297,0.539,0.309
Brandon Boston Jr.,LAC,20,6-Jun,78,188,Kentucky,USA,2021,2,51,41,6.7,2.3,0.9,-3.9,0.019,0.116,0.211,0.472,0.093
Brandon Clarke,MEM,25,8-Jun,80,215,Gonzaga,Canada,2019,1,21,45,10.5,5.5,1.4,6.1,0.097,0.155,0.173,0.669,0.111
Brandon Goodwin,CLE,26,Jun-00,72,180,Florida Gulf Coast,USA,Undrafted,Undrafted,Undrafted,16,5.3,2.4,3.1,-0.3,0.029,0.13,0.191,0.466,0.283
Brandon Ingram,NOP,24,8-Jun,80,190,Duke,USA,2016,1,2,45,22.1,5.7,5.4,0.7,0.02,0.146,0.288,0.538,0.258
Brandon Knight,DAL,30,2-Jun,74,182,Kentucky,USA,2011,1,8,3,10,2.3,2.7,7.9,0,0.095,0.217,0.638,0.229
Brandon Williams,POR,22,2-Jun,74,190,Arizona,USA,Undrafted,Undrafted,Undrafted,2,4,1,1,82.6,0,0.143,0.2,0.658,0.222
Braxton Key,PHI,25,8-Jun,80,225,Virginia,USA,Undrafted,Undrafted,Undrafted,2,1,1,0.5,-33.3,0.1,0.1,0.211,0.5,0.333
Brodric Thomas,BOS,25,5-Jun,77,185,Truman State,USA,Undrafted,Undrafted,Undrafted,8,1.1,0.8,0.6,10.3,0.053,0.075,0.163,0.379,0.161
Brook Lopez,MIL,33,Jul-00,84,282,Stanford,USA,2008,1,10,1,8,5,0,2,0.057,0.12,0.129,0.444,0
Bruce Brown,BKN,25,4-Jun,76,202,Miami,USA,2018,2,42,50,6.5,4.3,1.3,-4.1,0.055,0.134,0.131,0.536,0.088
Bruno Fernando,HOU,23,9-Jun,81,240,Maryland,Angola,2019,2,34,22,1.3,1,0.2,-24.2,0.12,0.153,0.167,0.568,0.098
Bryn Forbes,DEN,28,2-Jun,74,205,Michigan State,USA,Undrafted,Undrafted,Undrafted,55,9.5,1.5,1.1,-2.8,0.006,0.075,0.208,0.573,0.089
Buddy Hield,IND,29,4-Jun,76,220,Oklahoma,Bahamas,2016,1,6,59,14.8,4.2,2.1,-4.2,0.024,0.111,0.213,0.543,0.109
CJ Elleby,POR,21,6-Jun,78,200,Washington State,USA,2020,2,46,35,4.3,2.9,1.1,-6.8,0.054,0.139,0.135,0.489,0.105
CJ McCollum,NOP,30,3-Jun,75,190,Lehigh,USA,2013,1,10,41,21.5,4.5,4.6,-4.2,0.027,0.096,0.263,0.543,0.216
CJ Miles,BOS,34,6-Jun,78,220,No College,USA,2005,2,34,1,0,0,0,-100,0,0,0,0,0
Cade Cunningham,DET,20,6-Jun,78,220,Oklahoma State,USA,2021,1,1,44,15.7,5.5,5.2,-9.1,0.027,0.147,0.262,0.489,0.27
Caleb Martin,MIA,26,5-Jun,77,205,Nevada-Reno,USA,Undrafted,Undrafted,Undrafted,44,9.5,4,1,2.7,0.057,0.114,0.163,0.599,0.069
Cam Reddish,NYK,22,8-Jun,80,217,Duke,USA,2019,1,10,43,10.5,2.1,1,-10.1,0.021,0.075,0.219,0.535,0.077
Cam Thomas,BKN,20,3-Jun,75,210,Louisiana State,Japan,2021,1,27,48,9.8,2.6,1.3,-3.7,0.01,0.117,0.213,0.528,0.101
Cameron Johnson,PHX,25,8-Jun,80,210,North Carolina,USA,2019,1,11,55,11.9,4.2,1.3,7.9,0.023,0.126,0.16,0.622,0.071
Cameron McGriff,POR,24,7-Jun,79,220,Oklahoma State,USA,Undrafted,Undrafted,Undrafted,3,4.7,5,1,7.3,0.098,0.209,0.122,0.47,0.086
Cameron Oliver,ATL,25,8-Jun,80,239,Nevada,USA,Undrafted,Undrafted,Undrafted,2,11.5,3,1.5,-0.9,0.051,0.121,0.167,0.705,0.097
Cameron Payne,PHX,27,1-Jun,73,183,Murray State,USA,2015,1,14,40,10.5,2.8,3.6,5.3,0.018,0.105,0.246,0.498,0.276
Caris LeVert,CLE,27,6-Jun,78,205,Michigan,USA,2016,1,20,43,18.2,3.6,4.4,-1.6,0.023,0.094,0.263,0.523,0.222
Carlik Jones,DEN,24,Jun-00,72,174,Louisville,USA,Undrafted,Undrafted,Undrafted,5,0.8,0.6,1,-33.1,0.042,0.069,0.22,0.202,0.417
Carmelo Anthony,LAL,37,7-Jun,79,238,Syracuse,USA,2003,1,3,50,13.4,4.2,1,1.5,0.03,0.113,0.192,0.583,0.057
Cassius Stanley,DET,22,5-Jun,77,190,Duke,USA,2020,2,54,9,5.8,2.1,0.4,-4.3,0.028,0.084,0.148,0.516,0.043
Cassius Winston,WAS,23,1-Jun,73,185,Michigan State,USA,2020,2,53,4,2.5,0,1,7.9,0,0,0.163,0.727,0.25
Cat Barber,ATL,27,1-Jun,73,173,North Carolina State,USA,2016,,,3,0,1,1,34.6,0.091,0.286,0.219,0,0.2
Cedi Osman,CLE,26,7-Jun,79,230,None,Turkey,2015,2,31,46,10.8,2.3,2,1.5,0.018,0.078,0.203,0.547,0.13
Chandler Hutchison,PHX,25,6-Jun,78,210,Boise State,USA,2018,1,22,6,0.7,0.8,0.3,27.3,0,0.167,0.111,0.694,0.105
Charles Bassey,PHI,21,9-Jun,81,230,Western Kentucky,Nigeria,2021,2,53,23,3,2.7,0.3,-8.8,0.124,0.233,0.152,0.66,0.07
Charlie Brown Jr.,PHI,25,6-Jun,78,199,St. Joseph's (PA),USA,Undrafted,Undrafted,Undrafted,19,1.6,1.7,0.3,-3.8,0.069,0.09,0.109,0.346,0.047
Chaundee Brown Jr.,ATL,23,5-Jun,77,215,Michigan,USA,Undrafted,Undrafted,Undrafted,5,6.2,3.2,0.8,-8.7,0.009,0.139,0.146,0.447,0.056
Cheick Diallo,DET,25,8-Jun,80,219,Kansas,Mali,2016,2,33,3,3.7,4,0,-50.7,0.098,0.296,0.145,0.517,0
Chimezie Metu,SAC,24,9-Jun,81,225,Southern California,USA,2018,2,49,42,9,5.9,1.1,-5,0.03,0.225,0.183,0.528,0.074
Chris Boucher,TOR,29,9-Jun,81,200,Oregon,Saint Lucia,Undrafted,Undrafted,Undrafted,55,9.1,5.9,0.3,5.5,0.093,0.184,0.175,0.569,0.024
Chris Chiozza,GSW,26,11-May,71,175,Florida,USA,Undrafted,Undrafted,Undrafted,26,2.1,1.2,1.8,-3.6,0.027,0.079,0.133,0.42,0.254
Chris Duarte,IND,24,5-Jun,77,190,Oregon,Dominican Republic,2021,1,13,50,13.4,4.1,2.2,-1.8,0.024,0.115,0.207,0.54,0.114
Chris Paul,PHX,36,Jun-00,72,175,Wake Forest,USA,2005,1,4,58,14.9,4.5,10.7,10.5,0.009,0.117,0.2,0.579,0.428
Chris Silva,MIA,25,8-Jun,80,234,South Carolina,Gabon,Undrafted,Undrafted,Undrafted,10,2.6,3.6,0.7,-16.1,0.127,0.274,0.123,0.641,0.13
Christian Wood,HOU,26,9-Jun,81,214,UNLV,USA,Undrafted,Undrafted,Undrafted,54,17.5,10.2,2.2,-10.6,0.054,0.266,0.234,0.573,0.12
Chuma Okeke,ORL,23,6-Jun,78,229,Auburn,USA,2019,1,16,49,8.2,4.7,1.6,-9.9,0.025,0.161,0.159,0.496,0.102
Clint Capela,ATL,27,10-Jun,82,256,None,Switzerland,2014,1,25,50,10.7,12.1,1.4,1.5,0.129,0.288,0.148,0.579,0.068
Coby White,CHI,22,4-Jun,76,195,North Carolina,USA,2019,1,7,39,14,3.1,2.8,-0.5,0.012,0.096,0.201,0.59,0.139
Cody Martin,CHA,26,6-Jun,78,205,Nevada-Reno,USA,2019,2,36,49,8,4.2,2.6,0.9,0.044,0.108,0.125,0.554,0.124
Cody Zeller,POR,29,11-Jun,83,240,Indiana,USA,2013,1,4,27,5.2,4.6,0.8,-2.1,0.128,0.212,0.153,0.627,0.087
Cole Anthony,ORL,21,3-Jun,75,185,North Carolina,USA,2020,1,15,46,17.7,5.8,5.9,-5.5,0.017,0.151,0.254,0.522,0.285
Collin Sexton,CLE,23,1-Jun,73,190,Alabama,USA,2018,1,8,11,16,3.3,2.1,-5.8,0.041,0.066,0.264,0.523,0.125
Corey Kispert,WAS,22,6-Jun,78,224,Gonzaga,USA,2021,1,15,53,6.8,2.5,0.9,2.7,0.035,0.089,0.147,0.552,0.066
Cory Joseph,DET,30,3-Jun,75,200,Texas-Austin,Canada,2011,1,29,47,8.1,2.5,3.9,-7.2,0.017,0.087,0.145,0.581,0.244
Craig Sword,WAS,28,3-Jun,75,196,Mississippi State,USA,Undrafted,Undrafted,Undrafted,3,2,0,0.3,8.3,0,0,0.125,0.75,0.1
D'Angelo Russell,MIN,25,4-Jun,76,193,Ohio State,USA,2015,1,2,45,18.8,3.5,7,6.9,0.011,0.092,0.253,0.539,0.323
D.J. Augustin,HOU,34,11-May,71,183,University of Texas at Austin,USA,2008,1,9,34,5.4,1.2,2.2,-13.5,0.013,0.067,0.158,0.596,0.215
D.J. Wilson,TOR,26,10-Jun,82,231,Michigan,USA,2017,1,17,3,8,4.7,1.3,-17,0.02,0.241,0.149,0.779,0.129
DaQuan Jeffries,MEM,24,5-Jun,77,222,Tulsa,USA,Undrafted,Undrafted,Undrafted,3,0.7,0.7,0.3,-10.5,0,0.25,0.091,0.5,0.167
Daishen Nix,HOU,20,4-Jun,76,226,None,USA,Undrafted,Undrafted,Undrafted,8,3.8,1.3,1.3,0,0.014,0.145,0.172,0.704,0.222
Dakota Mathias,MEM,26,4-Jun,76,200,Purdue,USA,2018,,,6,1,0.3,0.2,-25.4,0,0.154,0.15,0.5,0.125
Dalano Banton,TOR,22,7-Jun,79,204,Nebraska,Canada,2021,2,46,47,3.6,2.2,1.6,0.8,0.049,0.136,0.167,0.467,0.191
Damian Jones,SAC,26,11-Jun,83,245,Vanderbilt,USA,2016,1,30,37,6.3,3.9,1.1,-5.1,0.091,0.162,0.157,0.685,0.113
Damian Lillard,POR,31,2-Jun,74,195,Weber State,USA,2012,1,6,29,24,4.1,7.3,-1.8,0.012,0.104,0.288,0.55,0.321
Damion Lee,GSW,29,5-Jun,77,210,Drexel,USA,Undrafted,Undrafted,Undrafted,47,7.8,3.1,0.9,1.5,0.02,0.128,0.159,0.574,0.069
Damyean Dotson,NYK,27,5-Jun,77,210,Houston,USA,2017,2,44,2,2,1,0.5,-0.8,0,0.111,0.089,0.5,0.071
Daniel Gafford,WAS,23,9-Jun,81,234,Arkansas,USA,2019,2,38,49,8.8,6,1,-6.4,0.11,0.17,0.152,0.695,0.075
Daniel Oturu,TOR,22,8-Jun,80,240,Minnesota,USA,2020,2,33,3,3,1.7,0,-36.8,0.036,0.148,0.125,0.549,0
Daniel Theis,BOS,29,9-Jun,81,245,None,Germany,Undrafted,Undrafted,Undrafted,28,8.1,5.1,0.8,-14.8,0.05,0.161,0.161,0.566,0.064
Danilo Gallinari,ATL,33,10-Jun,82,236,None,Italy,2008,1,6,47,10.6,4.4,1.4,2.7,0.024,0.159,0.178,0.584,0.082
Danny Green,PHI,34,6-Jun,78,215,North Carolina,USA,2009,2,46,40,6.4,2.4,1,5.1,0.022,0.08,0.127,0.565,0.061
Danuel House Jr.,UTA,28,6-Jun,78,220,Texas A&M,USA,Undrafted,Undrafted,Undrafted,26,5.5,2.5,1.2,-3.5,0.021,0.13,0.162,0.532,0.112
Darius Bazley,OKC,21,8-Jun,80,208,None,USA,2019,1,23,53,9.8,6.6,1.3,-10.4,0.037,0.181,0.177,0.491,0.077
Darius Garland,CLE,22,1-Jun,73,192,Vanderbilt,USA,2019,1,5,47,20.3,3.3,8,8.5,0.015,0.077,0.261,0.584,0.365
Darren Collison,LAL,34,Jun-00,72,160,UCLA,USA,2009,1,21,3,1.3,1.3,0.7,-18.4,0,0.091,0.077,0.286,0.063
David Duke Jr.,BKN,22,4-Jun,76,204,Providence,USA,Undrafted,Undrafted,Undrafted,19,5.1,3.4,0.8,1.6,0.084,0.108,0.149,0.456,0.063
David Johnson,TOR,20,4-Jun,76,203,Louisville,USA,2021,2,47,2,0,0,0,-75,0,0,0.143,0,0
David Nwaba,HOU,29,5-Jun,77,219,Cal Poly,USA,Undrafted,Undrafted,Undrafted,38,5.1,3.7,0.8,-9,0.061,0.195,0.149,0.545,0.085
Davion Mitchell,SAC,23,Jun-00,72,202,Baylor,USA,2021,1,9,53,10.4,2.4,3.5,-3.5,0.02,0.065,0.194,0.478,0.204
Davis Bertans,DAL,29,10-Jun,82,225,None,Latvia,2011,2,42,36,5.8,1.8,0.5,-3.1,0.013,0.111,0.17,0.523,0.047
Davon Reed,DEN,26,5-Jun,77,206,Miami,USA,2017,2,32,29,4,2.5,1,4.7,0.024,0.152,0.114,0.602,0.111
Day'Ron Sharpe,BKN,20,9-Jun,81,265,North Carolina,USA,2021,1,29,30,6.1,5.1,0.5,7.7,0.199,0.195,0.203,0.582,0.057
De'Aaron Fox,SAC,24,3-Jun,75,185,Kentucky,USA,2017,1,5,48,21.8,3.9,5.1,-5.1,0.013,0.096,0.279,0.539,0.24
De'Andre Hunter,ATL,24,8-Jun,80,221,Virginia,USA,2019,1,4,30,13,3.4,1.2,-2.3,0.018,0.096,0.195,0.543,0.058
De'Anthony Melton,MEM,23,2-Jun,74,200,Southern California,USA,2018,2,46,51,9.9,4.5,2.7,6.9,0.041,0.145,0.2,0.497,0.156
DeAndre Jordan,LAL,33,11-Jun,83,265,Texas A&M,USA,2008,2,35,31,4.2,5.5,0.4,-10.8,0.115,0.256,0.124,0.657,0.05
DeAndre' Bembry,MIL,27,5-Jun,77,210,St. Joseph's (PA),USA,2016,1,21,48,5.8,3.2,1.3,-0.2,0.041,0.108,0.117,0.609,0.085
DeJon Jarreau,IND,24,5-Jun,77,185,Houston,USA,Undrafted,Undrafted,Undrafted,1,0,0,0,100,0,0,0,0,0
DeMar DeRozan,CHI,32,6-Jun,78,220,Southern California,USA,2009,1,9,55,28.1,5.2,5.1,5.4,0.024,0.119,0.307,0.601,0.24
DeMarcus Cousins,DEN,31,10-Jun,82,270,Kentucky,USA,2010,1,5,25,8.1,5.9,1.1,3.6,0.099,0.286,0.235,0.522,0.099
Dean Wade,CLE,25,9-Jun,81,228,Kansas State,USA,Undrafted,Undrafted,Undrafted,43,5.5,3.1,1.2,1.2,0.032,0.125,0.109,0.596,0.088
Deandre Ayton,PHX,23,11-Jun,83,250,Arizona,Bahamas,2018,1,1,37,16.5,10.3,1.4,7,0.096,0.243,0.215,0.654,0.074
Deividas Sirvydis,DET,21,8-Jun,80,190,None,Lithuania,2019,2,37,3,1,2,0.3,-42.3,0,0.2,0.149,0.15,0.063
Dejounte Murray,SAS,25,4-Jun,76,180,Washington,USA,2016,1,29,52,19.9,8.3,9.3,2.6,0.035,0.196,0.261,0.519,0.388
Delon Wright,ATL,29,5-Jun,77,185,Utah,USA,2015,1,20,53,4.3,2.9,2.5,1.5,0.037,0.12,0.109,0.554,0.192
Deni Avdija,WAS,21,9-Jun,81,210,None,Israel,2020,1,9,58,7.7,5.1,1.7,2.1,0.028,0.18,0.147,0.544,0.099
Dennis Schroder,HOU,28,1-Jun,73,172,None,Germany,2013,1,17,52,14.2,3.4,4.4,0.8,0.02,0.094,0.229,0.54,0.245
Dennis Smith Jr.,POR,24,2-Jun,74,205,North Carolina State,USA,2017,1,9,37,5.6,2.4,3.6,-9.8,0.029,0.107,0.173,0.474,0.311
Denzel Valentine,UTA,28,4-Jun,76,220,Michigan State,USA,2016,1,14,24,2.9,1.8,0.5,-5.1,0.04,0.15,0.15,0.523,0.074
Derrick Favors,OKC,30,9-Jun,81,265,Georgia Tech,USA,2010,1,3,38,5.3,4.8,0.6,-10.9,0.081,0.177,0.132,0.532,0.061
Derrick Jones Jr.,CHI,25,6-Jun,78,210,UNLV,USA,Undrafted,Undrafted,Undrafted,34,6.1,3.4,0.6,4.6,0.075,0.119,0.127,0.652,0.042
Derrick Rose,NYK,33,2-Jun,74,200,Memphis,USA,2008,1,1,26,12,3,4,5.8,0.032,0.08,0.217,0.541,0.266
Derrick Walton Jr.,DET,26,Jun-00,72,185,Michigan,USA,Undrafted,Undrafted,Undrafted,3,6.3,3.3,7,0.5,0.015,0.068,0.142,0.342,0.269
Derrick White,BOS,27,4-Jun,76,190,Colorado,USA,2017,1,29,53,14.2,3.6,5.5,3.2,0.017,0.092,0.203,0.547,0.249
Desmond Bane,MEM,23,5-Jun,77,215,TCU,USA,2020,1,30,56,17.9,4.5,2.5,4.4,0.018,0.121,0.223,0.587,0.125
Devin Booker,PHX,25,5-Jun,77,206,Kentucky,USA,2015,1,13,51,25.5,5.2,4.5,8.9,0.024,0.118,0.314,0.555,0.202
Devin Vassell,SAS,21,5-Jun,77,200,Florida State,USA,2020,1,11,51,11.5,4.2,1.7,3.2,0.02,0.134,0.184,0.537,0.089
Devon Dotson,CHI,22,1-Jun,73,185,Kansas,USA,Undrafted,Undrafted,Undrafted,11,2.6,0.8,1.4,-2.4,0.011,0.105,0.156,0.538,0.283
Devontae Cacok,SAS,25,7-Jun,79,240,North Carolina-Wilmington,USA,Undrafted,Undrafted,Undrafted,10,3.6,3,0.2,1.7,0.054,0.294,0.139,0.69,0.04
Devonte' Graham,NOP,26,1-Jun,73,195,Kansas,USA,2018,2,34,55,13,2.6,4.4,-0.5,0.015,0.067,0.197,0.51,0.212
Dewayne Dedmon,MIA,32,Jul-00,84,245,Southern California,USA,Undrafted,Undrafted,Undrafted,50,6.6,6.1,0.7,6.3,0.111,0.254,0.163,0.649,0.069
Didi Louzada,POR,22,5-Jun,77,188,None,Brazil,2019,2,35,2,0,1,0.5,-20.5,0.182,0,0.188,0,0.2
Dillon Brooks,MEM,26,7-Jun,79,225,Oregon,Canada,2017,2,45,21,18.4,3.3,2.7,8.8,0.027,0.087,0.286,0.521,0.149
Domantas Sabonis,SAC,25,11-Jun,83,240,Gonzaga,Lithuania,2016,1,11,51,18.8,12,5.1,-0.1,0.093,0.257,0.216,0.644,0.231
Donovan Mitchell,UTA,25,1-Jun,73,215,Louisville,USA,2017,1,13,46,25.7,4.2,5.2,9.1,0.028,0.092,0.32,0.578,0.257
Donte DiVincenzo,SAC,25,4-Jun,76,203,Villanova,USA,2018,1,17,20,7.5,3.7,2.1,-3.1,0.045,0.118,0.193,0.465,0.142
Dorian Finney-Smith,DAL,28,7-Jun,79,220,Florida,USA,Undrafted,Undrafted,Undrafted,58,10.1,4.8,1.9,4.9,0.048,0.098,0.137,0.568,0.081
Doug McDermott,SAS,30,7-Jun,79,225,Creighton,USA,2014,1,11,43,11.9,2.5,1.2,-1,0.014,0.083,0.18,0.602,0.063
Draymond Green,GSW,31,6-Jun,78,230,Michigan State,USA,2012,2,35,34,7.9,7.6,7.4,9.8,0.038,0.2,0.142,0.581,0.328
Drew Eubanks,SAS,25,9-Jun,81,245,Oregon State,USA,Undrafted,Undrafted,Undrafted,49,4.7,4,1,-5.6,0.1,0.196,0.168,0.588,0.123
Duane Washington Jr.,IND,21,3-Jun,75,197,Ohio State,Germany,Undrafted,Undrafted,Undrafted,28,8.8,1.8,1.9,-10.4,0.003,0.09,0.209,0.485,0.144
Duncan Robinson,MIA,27,7-Jun,79,215,Michigan,USA,Undrafted,Undrafted,Undrafted,56,11.8,3,1.6,3.5,0.013,0.096,0.178,0.565,0.089
Dwight Howard,LAL,36,10-Jun,82,265,None,USA,2004,1,1,42,5.1,5.4,0.5,-1,0.128,0.236,0.139,0.653,0.049
Dwight Powell,DAL,30,10-Jun,82,240,Stanford,Canada,2014,2,45,59,7.4,4.4,1.1,1.9,0.097,0.121,0.127,0.705,0.081
Dylan Windler,CLE,25,6-Jun,78,196,Belmont,USA,2019,1,26,37,2.5,1.7,0.7,-1,0.043,0.141,0.119,0.581,0.114
Ed Davis,CLE,32,9-Jun,81,218,North Carolina,USA,2010,1,13,19,1.1,2.3,0.3,-0.4,0.05,0.248,0.072,0.599,0.054
Elfrid Payton,PHX,27,3-Jun,75,195,Louisana-Lafayette,USA,2014,1,10,38,3.3,2,2.2,1.6,0.041,0.118,0.173,0.411,0.249
Elijah Hughes,POR,23,5-Jun,77,215,Syracuse,USA,2020,2,39,17,2.9,1.5,0.5,-19.5,0.027,0.121,0.166,0.46,0.088
Emanuel Terry,PHX,25,9-Jun,81,220,Lincoln Memorial,USA,Undrafted,Undrafted,Undrafted,3,0,5,0.7,-50.3,0.286,0.389,0.189,0,0.222
Emmanuel Mudiay,SAC,25,3-Jun,75,200,None,Democratic Republic of the Congo,2015,1,7,2,1.5,0,2,-23.7,0,0,0.192,0.399,0.571
Enes Freedom,BOS,29,10-Jun,82,250,None,Turkey,2011,1,3,35,3.7,4.6,0.2,7.8,0.143,0.219,0.129,0.585,0.027
Eric Bledsoe,POR,32,1-Jun,73,214,Kentucky,USA,2010,1,18,54,9.9,3.4,4.2,-1.2,0.02,0.105,0.198,0.514,0.251
Eric Gordon,HOU,33,3-Jun,75,215,Indiana,USA,2008,1,7,47,14.3,2,3,-5.9,0.01,0.056,0.189,0.616,0.153
Eric Paschall,UTA,25,6-Jun,78,255,Villanova,USA,2019,2,41,44,5.9,2.1,0.6,2.7,0.044,0.105,0.17,0.62,0.071
Eugene Omoruyi,DAL,25,6-Jun,78,235,Oregon,Nigeria,Undrafted,Undrafted,Undrafted,4,1.8,1.8,0.5,11.9,0.111,0.278,0.156,0.518,0.167
Evan Fournier,NYK,29,6-Jun,78,205,None,France,2012,1,20,57,14.5,2.9,1.9,-4.1,0.017,0.079,0.206,0.558,0.101
Evan Mobley,CLE,20,11-Jun,83,215,Southern California,USA,2021,1,3,50,14.9,8.1,2.6,3.7,0.057,0.166,0.198,0.547,0.117
Facundo Campazzo,DEN,30,10-May,70,195,None,Argentina,Undrafted,Undrafted,Undrafted,54,6,1.9,3.7,-10.5,0.017,0.077,0.145,0.527,0.275
Frank Jackson,DET,23,3-Jun,75,205,Duke,USA,2017,2,31,43,10.9,1.6,1,-9.5,0.013,0.057,0.203,0.536,0.072
Frank Kaminsky,PHX,28,Jul-00,84,240,Wisconsin,USA,2015,1,9,9,10.6,4.6,1.4,9.6,0.06,0.144,0.185,0.635,0.105
Frank Ntilikina,DAL,23,4-Jun,76,200,None,France,2017,1,8,47,4.3,1.3,1.1,3.8,0.011,0.092,0.164,0.501,0.136
Franz Wagner,ORL,20,10-Jun,82,220,Michigan,Germany,2021,1,8,60,15.6,4.6,3,-6.7,0.031,0.106,0.208,0.557,0.149
Fred VanVleet,TOR,27,1-Jun,73,197,Wichita State,USA,Undrafted,Undrafted,Undrafted,50,21.6,4.6,7,4.1,0.019,0.1,0.236,0.572,0.279
Freddie Gillespie,ORL,24,9-Jun,81,245,Baylor,USA,Undrafted,Undrafted,Undrafted,9,2.3,4,0.6,-13.6,0.099,0.183,0.109,0.419,0.061
Furkan Korkmaz,PHI,24,7-Jun,79,202,None,Turkey,2016,1,26,51,8.9,3,2.3,0.6,0.013,0.108,0.172,0.512,0.137
Gabe Vincent,MIA,25,3-Jun,75,200,California-Santa Barbara,USA,Undrafted,Undrafted,Undrafted,50,9.2,2,3.4,2.1,0.016,0.068,0.177,0.559,0.217
Gabriel Deck,OKC,27,6-Jun,78,231,None,Argentina,Undrafted,Undrafted,Undrafted,7,2.6,0.9,0.7,-13.6,0.017,0.077,0.119,0.643,0.147
Garrett Temple,NOP,35,5-Jun,77,195,Louisiana State,USA,Undrafted,Undrafted,Undrafted,55,5.4,2.5,1.3,-14.7,0.025,0.106,0.135,0.495,0.103
Garrison Mathews,HOU,25,5-Jun,77,215,Lipscomb,USA,Undrafted,Undrafted,Undrafted,41,11.4,3.4,1,-5.6,0.021,0.102,0.146,0.619,0.054
Gary Clark,NOP,27,6-Jun,78,225,Cincinnati,USA,Undrafted,Undrafted,Undrafted,27,2.8,2.6,0.4,-3.3,0.053,0.178,0.108,0.532,0.05
Gary Harris,ORL,27,4-Jun,76,210,Michigan State,USA,2014,1,19,52,11.4,2.1,1.9,-8.2,0.02,0.05,0.16,0.569,0.098
Gary Payton II,GSW,29,3-Jun,75,195,Oregon State,USA,Undrafted,Undrafted,Undrafted,56,6.8,3.5,0.8,8.6,0.058,0.141,0.141,0.683,0.071
Gary Trent Jr.,TOR,23,5-Jun,77,209,Duke,USA,2018,2,37,48,18.6,2.7,1.9,3.6,0.008,0.071,0.214,0.556,0.082
George Hill,MIL,35,4-Jun,76,188,Indiana-Purdue Indianapolis,USA,2008,1,26,41,7,3.2,2.5,14.2,0.032,0.084,0.117,0.564,0.127
George King,DAL,28,6-Jun,78,220,Colorado Boulder,USA,2018,2,59,4,0.3,1.3,0,-62.2,0,0.25,0.159,0.085,0
Georges Niang,PHI,28,7-Jun,79,230,Iowa State,USA,2016,2,50,54,9.4,2.7,1.5,4.8,0.017,0.093,0.165,0.582,0.095
Georgios Kalaitzakis,MIL,23,7-Jun,79,192,None,Greece,2021,2,60,9,1.8,0.9,0,-45.2,0.085,0.077,0.171,0.535,0
Giannis Antetokounmpo,MIL,27,11-Jun,83,242,None,Greece,2013,1,15,49,29.4,11.2,6,8.6,0.058,0.256,0.341,0.63,0.325
Goga Bitadze,IND,22,Jul-00,84,250,None,Georgia,2019,1,18,35,4.9,2.9,0.8,-1.1,0.109,0.13,0.195,0.507,0.095
Goran Dragic,TOR,35,3-Jun,75,190,None,Slovenia,2008,2,45,5,8,2.8,1.8,-11.5,0.019,0.148,0.172,0.521,0.18
Gordon Hayward,CHA,31,7-Jun,79,225,Butler,USA,2010,1,9,48,16.1,4.6,3.6,-0.2,0.022,0.114,0.202,0.571,0.158
Gorgui Dieng,ATL,32,10-Jun,82,248,Louisville,Senegal,2013,1,21,37,3.6,3,0.8,-6.5,0.092,0.235,0.16,0.619,0.148
Grant Williams,BOS,23,6-Jun,78,236,Tennessee,USA,2019,1,22,55,7.5,3.2,1.1,2.1,0.033,0.1,0.118,0.667,0.069
Grayson Allen,MIL,26,4-Jun,76,198,Duke,USA,2018,1,21,49,11.5,3.4,1.5,5,0.018,0.095,0.157,0.581,0.074
Greg Brown III,POR,20,7-Jun,79,206,Texas-Austin,USA,2021,2,43,28,3.3,2,0.3,-11.5,0.083,0.154,0.198,0.494,0.049
Greg Monroe,MIL,31,10-Jun,82,250,Georgetown,USA,2010,1,7,10,5.5,5.2,1.4,-0.1,0.132,0.187,0.156,0.548,0.14
Hamidou Diallo,DET,23,5-Jun,77,202,Kentucky,USA,2018,2,45,51,11.1,4.9,1.3,-8.2,0.049,0.161,0.208,0.538,0.094
Harrison Barnes,SAC,29,8-Jun,80,225,North Carolina,USA,2012,1,7,55,17,6.1,2.5,-7.6,0.032,0.147,0.19,0.625,0.106
Hassan Whiteside,UTA,32,Jul-00,84,265,Marshall,USA,2010,2,33,46,8.7,7.8,0.4,10.4,0.135,0.274,0.169,0.649,0.03
Hassani Gravett,ORL,25,2-Jun,74,187,South Carolina,USA,2019,,,8,6.3,2.6,2.5,-1.8,0.006,0.114,0.13,0.629,0.177
Haywood Highsmith,MIA,25,4-Jun,76,220,Wheeling Jesuit,USA,2018,,,6,3.7,1.5,0,-25,0.038,0.09,0.134,0.503,0
Herbert Jones,NOP,23,7-Jun,79,206,Alabama,USA,2021,2,35,56,9.6,3.9,2.1,1.5,0.043,0.086,0.134,0.591,0.099
Ignas Brazdeikis,ORL,23,6-Jun,78,221,Michigan,Canada,2019,2,47,28,2.8,1.3,0.8,-2.1,0.041,0.096,0.156,0.467,0.119
Immanuel Quickley,NYK,22,3-Jun,75,190,Kentucky,USA,2020,1,25,55,9.4,2.3,3,5.7,0.017,0.086,0.212,0.509,0.222
Isaac Bonga,TOR,22,8-Jun,80,180,None,Germany,2018,2,39,13,0.8,0.5,0.2,-25.6,0.044,0.039,0.106,0.352,0.071
Isaac Okoro,CLE,21,5-Jun,77,225,Auburn,USA,2020,1,5,43,9,3.1,1.9,4,0.037,0.069,0.134,0.572,0.089
Isaiah Hartenstein,LAC,23,Jul-00,84,250,None,Germany,2017,2,43,47,7.4,4.4,1.9,10,0.093,0.156,0.176,0.646,0.167
Isaiah Jackson,IND,20,10-Jun,82,205,Kentucky,USA,2021,1,22,20,5.8,2.8,0.4,-4,0.12,0.145,0.228,0.59,0.061
Isaiah Joe,PHI,22,4-Jun,76,165,Arkansas,USA,2020,2,49,41,3.8,1.1,0.7,-0.1,0.01,0.077,0.14,0.516,0.078
Isaiah Livers,DET,23,6-Jun,78,232,Michigan,USA,2021,2,42,1,0,0,0,-18.2,0,0,0.273,0,0
Isaiah Roby,OKC,24,8-Jun,80,230,Nebraska-Lincoln,USA,2019,2,45,22,7,3.7,0.7,-4.7,0.081,0.135,0.187,0.585,0.076
Isaiah Stewart,DET,20,8-Jun,80,250,Washington,USA,2020,1,16,50,8.3,8.4,1.1,-11.8,0.104,0.209,0.143,0.547,0.068
Isaiah Thomas,DAL,33,9-May,69,185,Washington,USA,2011,2,60,5,8.6,1.6,2,-10.6,0.008,0.052,0.201,0.415,0.128
Isaiah Todd,WAS,20,9-Jun,81,219,None,USA,2021,2,31,10,1.6,1,0.3,-0.1,0.041,0.205,0.231,0.407,0.143
Ish Smith,WAS,33,Jun-00,72,175,Wake Forest,USA,Undrafted,Undrafted,Undrafted,41,5.1,1.6,2.9,-6.4,0.022,0.083,0.186,0.462,0.298
Ish Wainright,PHX,27,5-Jun,77,250,Baylor,USA,Undrafted,Undrafted,Undrafted,29,1.9,1.3,0.3,6.9,0.077,0.076,0.127,0.442,0.063
Ivica Zubac,LAC,24,Jul-00,84,240,None,Croatia,2016,2,32,55,9.7,8,1.4,-6.5,0.108,0.218,0.155,0.681,0.086
JT Thor,CHA,19,9-Jun,81,203,Auburn,USA,2021,2,37,19,2.6,1.4,0.7,7.8,0.053,0.096,0.131,0.518,0.102
Ja Morant,MEM,22,3-Jun,75,174,Murray State,USA,2019,1,2,46,26.8,5.8,6.9,3.5,0.038,0.13,0.324,0.575,0.335
JaMychal Green,DEN,31,8-Jun,80,227,Alabama,USA,Undrafted,Undrafted,Undrafted,45,6.3,3.7,0.8,-7.1,0.064,0.189,0.189,0.56,0.091
JaQuori McLaughlin,DAL,24,4-Jun,76,190,California-Santa Barbara,USA,Undrafted,Undrafted,Undrafted,4,0,0,0.5,-34.6,0,0,0.065,0,0.2
JaVale McGee,PHX,34,Jul-00,84,270,Nevada-Reno,USA,2008,1,18,52,9.9,6.9,0.6,8.7,0.14,0.265,0.221,0.674,0.061
Jabari Parker,BOS,26,7-Jun,79,245,Duke,USA,2014,1,2,12,4.4,2.3,0.5,-0.8,0.042,0.18,0.191,0.632,0.094
Jaden McDaniels,MIN,21,9-Jun,81,185,Washington,USA,2020,1,28,56,8.9,4.3,1.2,-0.6,0.04,0.112,0.146,0.532,0.065
Jaden Springer,PHI,19,4-Jun,76,202,Tennessee,USA,2021,1,28,2,1,1,0,-72.4,0.143,0.125,0.118,1,0
Jae Crowder,PHX,31,6-Jun,78,235,Marquette,USA,2012,2,34,48,8.9,5.3,1.5,10.5,0.018,0.158,0.14,0.535,0.067
Jae'Sean Tate,HOU,26,4-Jun,76,230,Ohio State,USA,Undrafted,Undrafted,Undrafted,56,12.6,5.6,3.1,-9.9,0.061,0.137,0.198,0.577,0.181
Jahmi'us Ramsey,SAC,20,3-Jun,75,190,Texas Tech,USA,2020,2,43,19,3.2,0.7,0.4,-6,0.027,0.068,0.208,0.468,0.075
Jaime Echenique,WAS,24,10-Jun,82,258,Wichita State,Colombia,Undrafted,Undrafted,Undrafted,1,0,0,0,-30,0,0,0,0,0
Jake Layman,MIN,27,8-Jun,80,209,Maryland,USA,2016,2,47,23,2,1,0.3,-14.5,0.021,0.112,0.143,0.438,0.06
Jakob Poeltl,SAS,26,1-Jul,85,245,Utah,Austria,2016,1,9,49,13.1,9.2,2.8,4.9,0.126,0.178,0.179,0.606,0.13
Jalen Brunson,DAL,25,1-Jun,73,190,Villanova,USA,2018,2,33,58,16.3,3.8,5.4,4.2,0.018,0.102,0.216,0.579,0.271
Jalen Green,HOU,20,4-Jun,76,186,None,USA,2021,1,2,43,14.6,3.1,2.3,-17.3,0.012,0.089,0.225,0.516,0.125
Jalen Johnson,ATL,20,8-Jun,80,219,Duke,USA,2021,1,20,14,1.8,1.1,0.1,-16.3,0,0.208,0.165,0.552,0.033
Jalen McDaniels,CHA,24,9-Jun,81,205,San Diego State,USA,2019,2,52,39,6.6,3.5,1.1,2.9,0.04,0.145,0.151,0.592,0.088
Jalen Smith,IND,21,10-Jun,82,215,Maryland,USA,2020,1,10,33,6.8,5,0.3,4.9,0.116,0.208,0.19,0.573,0.032
Jalen Suggs,ORL,20,5-Jun,77,205,Gonzaga,USA,2021,1,5,39,12.6,3.7,4.4,-7.9,0.021,0.101,0.247,0.462,0.244
James Bouknight,CHA,21,4-Jun,76,190,Connecticut,USA,2021,1,11,28,5,1.7,0.8,-5.8,0.063,0.084,0.225,0.468,0.12
James Ennis III,DEN,31,6-Jun,78,215,Cal State-Long Beach,USA,2013,2,50,7,4.1,1.7,0.4,0.9,0.086,0.121,0.206,0.553,0.081
James Harden,PHI,32,5-Jun,77,220,Arizona State,USA,2009,1,3,44,22.5,8,10.2,0.6,0.026,0.179,0.277,0.576,0.399
James Johnson,BKN,34,7-Jun,79,240,Wake Forest,USA,2009,1,16,43,5.9,3.6,2,-0.2,0.047,0.122,0.143,0.519,0.147
Jamorko Pickett,DET,24,9-Jun,81,206,Georgetown,USA,Undrafted,Undrafted,Undrafted,6,0.5,1.5,0.2,-24.1,0.039,0.167,0.109,0.15,0.033
Jared Butler,UTA,21,3-Jun,75,193,Baylor,USA,2021,2,40,28,3.4,0.8,1.2,-7.4,0.014,0.083,0.225,0.515,0.254
Jared Harper,NOP,24,10-May,70,175,Auburn,USA,Undrafted,Undrafted,Undrafted,2,3.5,0.5,1.5,0,0.1,0,0.364,0.5,0.6
Jaren Jackson Jr.,MEM,22,11-Jun,83,242,Michigan State,USA,2018,1,4,59,16.7,6,1.1,5.5,0.05,0.148,0.25,0.533,0.057
Jarred Vanderbilt,MIN,22,9-Jun,81,214,Kentucky,USA,2018,2,41,54,7.2,8.8,1.4,5.7,0.11,0.216,0.107,0.618,0.07
Jarrett Allen,CLE,23,10-Jun,82,243,Texas-Austin,USA,2017,1,22,50,16.2,11,1.8,4.1,0.114,0.211,0.179,0.688,0.086
Jarrett Culver,MEM,22,6-Jun,78,195,Texas Tech,USA,2019,1,6,27,3.8,1.4,1,5.5,0.035,0.111,0.191,0.481,0.142
Jarron Cumberland,POR,24,5-Jun,77,205,Cincinnati,USA,Undrafted,Undrafted,Undrafted,3,0.7,1,0.3,40.2,0.059,0.182,0.061,0.5,0.1
Javin DeLaurier,MIL,23,10-Jun,82,234,Duke,USA,Undrafted,Undrafted,Undrafted,1,0,1,0,57.1,0,0.25,0,0,0
Javonte Green,CHI,28,5-Jun,77,205,Radford,USA,Undrafted,Undrafted,Undrafted,42,7.6,4.4,1.1,5.2,0.069,0.113,0.118,0.641,0.057
Javonte Smart,MIA,22,4-Jun,76,205,Louisiana State,USA,Undrafted,Undrafted,Undrafted,13,2.4,1.5,1.1,-9.3,0.022,0.095,0.142,0.34,0.126
Jaxson Hayes,NOP,21,11-Jun,83,220,Texas-Austin,USA,2019,1,8,47,8.7,3.9,0.5,-4.6,0.083,0.147,0.171,0.7,0.049
Jay Huff,LAL,24,1-Jul,85,240,Virginia,USA,Undrafted,Undrafted,Undrafted,4,0,1,0.3,36.5,0.04,0.111,0.083,0,0.071
Jay Scrubb,LAC,21,5-Jun,77,220,John A. Logan,USA,2020,2,55,18,2.7,0.9,0.4,6.9,0.016,0.1,0.188,0.486,0.095
Jaylen Brown,BOS,25,6-Jun,78,223,California,USA,2016,1,3,46,23.7,6.5,3.3,8.6,0.023,0.15,0.299,0.566,0.165
Jaylen Hoard,OKC,22,8-Jun,80,216,Wake Forest,France,Undrafted,Undrafted,Undrafted,1,0,2,0,-100,0.25,0.2,0.2,0,0
Jaylen Morris,SAS,26,5-Jun,77,185,Molloy,USA,Undrafted,Undrafted,Undrafted,3,0.7,0.7,0.7,22.9,0,0.118,0.231,0.129,0.143
Jaylen Nowell,MIN,22,4-Jun,76,201,Washington,USA,2019,2,43,42,7.7,2,2.1,-1,0.023,0.105,0.207,0.56,0.215
Jaysean Paige,DET,27,2-Jun,74,200,West Virginia,USA,Undrafted,Undrafted,Undrafted,1,0,1,1,-69.6,0,0.091,0.211,0,0.333
Jayson Tatum,BOS,23,8-Jun,80,210,Duke,USA,2017,1,3,56,25.7,8.4,4.2,9.6,0.033,0.186,0.311,0.553,0.196
Jeff Dowtin,MIL,24,3-Jun,75,177,Rhode Island,USA,Undrafted,Undrafted,Undrafted,5,1.2,1.4,0.6,17.1,0.034,0.167,0.108,0.429,0.136
Jeff Green,DEN,35,8-Jun,80,235,Georgetown,USA,2007,1,5,54,10.4,3.1,1.2,1.1,0.023,0.103,0.165,0.614,0.072
Jemerrio Jones,LAL,26,5-Jun,77,175,New Mexico State,USA,2018,,,2,2,1.5,0,-38,0.118,0.056,0.083,0.667,0
Jerami Grant,DET,27,8-Jun,80,210,Syracuse,USA,2014,2,39,33,19,4.3,2.5,-11.4,0.019,0.112,0.254,0.541,0.142
Jeremiah Robinson-Earl,OKC,21,8-Jun,80,242,Villanova,USA,2021,2,32,44,7.1,5.8,1,-10.4,0.062,0.17,0.146,0.506,0.066
Jeremy Lamb,SAC,29,5-Jun,77,180,Connecticut,USA,2012,1,12,40,7.3,2.5,1.4,4.1,0.022,0.127,0.188,0.526,0.12
Jericho Sims,NYK,23,9-Jun,81,250,Texas-Austin,USA,2021,2,58,18,1.1,1.5,0.1,-8.3,0.081,0.123,0.054,0.745,0.014
Jevon Carter,BKN,26,1-Jun,73,200,West Virginia,USA,2018,2,32,46,3.6,1.5,1,-3.5,0.015,0.095,0.154,0.462,0.123
Jimmy Butler,MIA,32,7-Jun,79,230,Marquette,USA,2011,1,30,40,21.8,6.4,6,6.9,0.057,0.134,0.26,0.59,0.29
Jock Landale,SAS,26,11-Jun,83,255,None,Australia,Undrafted,Undrafted,Undrafted,36,4.6,2.2,0.9,0,0.095,0.1,0.176,0.596,0.128
Joe Harris,BKN,30,6-Jun,78,220,Virginia,USA,2014,2,33,14,11.3,4,1,1.1,0.012,0.109,0.146,0.624,0.047
Joe Ingles,POR,34,8-Jun,80,220,None,Australia,Undrafted,Undrafted,Undrafted,45,7.2,2.9,3.5,8.2,0.01,0.099,0.129,0.551,0.195
Joe Johnson,BOS,40,7-Jun,79,240,Arkansas,USA,2001,1,10,1,2,0,0,-100,0,0,0.2,1,0
Joe Wieskamp,SAS,22,6-Jun,78,205,Iowa,USA,2021,2,41,15,2.5,0.5,0.3,-2.6,0.027,0.052,0.143,0.595,0.091
Joel Ayayi,WAS,21,4-Jun,76,180,Gonzaga,France,Undrafted,Undrafted,Undrafted,7,0.3,0.4,0.6,12.2,0.037,0.105,0.133,0.167,0.364
Joel Embiid,PHI,27,Jul-00,84,280,Kansas,Cameroon,2014,1,3,46,29.6,11.2,4.5,7,0.064,0.268,0.377,0.61,0.261
John Collins,ATL,24,9-Jun,81,226,Wake Forest,USA,2017,1,19,50,16.8,7.9,1.9,0.6,0.057,0.188,0.201,0.621,0.09
John Konchar,MEM,25,5-Jun,77,210,Indiana-Purdue Fort Wayne,USA,Undrafted,Undrafted,Undrafted,52,4.8,4.4,1.4,2,0.054,0.172,0.095,0.607,0.099
Jon Teske,MEM,24,1-Jul,85,265,Michigan,USA,Undrafted,Undrafted,Undrafted,3,0,0.7,0.3,-7.1,0,0.286,0.1,0,0.167
Jonas Valanciunas,NOP,29,11-Jun,83,265,None,Lithuania,2011,1,5,53,18,11.5,2.6,-0.3,0.101,0.265,0.236,0.617,0.137
Jonathan Kuminga,GSW,19,7-Jun,79,225,None,DRC,2021,1,7,47,8,2.8,0.7,1.8,0.041,0.137,0.227,0.591,0.082
Jordan Bell,CHI,27,7-Jun,79,216,Oregon,USA,2017,2,38,1,0,1,0,25,0.5,0,0,0,0
Jordan Clarkson,UTA,29,4-Jun,76,194,Missouri,USA,2014,2,46,55,15.5,3.3,2.4,8.6,0.028,0.091,0.259,0.522,0.143
Jordan Goodwin,WAS,23,3-Jun,75,200,St. Louis,USA,Undrafted,Undrafted,Undrafted,2,0,0.5,0,-110,0,0.2,0.25,0,0
Jordan McLaughlin,MIN,25,11-May,71,185,Southern California,USA,Undrafted,Undrafted,Undrafted,41,3,1.3,2.8,-2.5,0.016,0.08,0.125,0.457,0.298
Jordan Nwora,MIL,23,8-Jun,80,225,Louisville,USA,2020,2,45,46,8.3,3.7,1,-4.6,0.032,0.142,0.189,0.513,0.077
Jordan Poole,GSW,22,4-Jun,76,194,Michigan,USA,2019,1,28,53,16.4,3.1,3.5,7.4,0.016,0.088,0.239,0.581,0.187
Jordan Schakel,WAS,23,6-Jun,78,200,San Diego State,USA,Undrafted,Undrafted,Undrafted,2,0,1.5,0,21.9,0.125,0.083,0.182,0,0
Jose Alvarado,NOP,23,Jun-00,72,179,Georgia Tech,USA,Undrafted,Undrafted,Undrafted,31,5.1,1.5,2,7.8,0.022,0.094,0.176,0.517,0.233
Josh Christopher,HOU,20,3-Jun,75,215,Arizona State,USA,2021,1,24,50,7.4,2.1,1.7,-10.1,0.042,0.092,0.203,0.546,0.161
Josh Giddey,OKC,19,8-Jun,80,205,None,Australia,2021,1,6,53,12.4,7.8,6.4,-8,0.052,0.175,0.218,0.478,0.328
Josh Green,DAL,21,5-Jun,77,200,Arizona,Australia,2020,1,18,44,4.4,2.2,1.3,6.6,0.049,0.1,0.127,0.566,0.128
Josh Hart,POR,26,5-Jun,77,215,Villanova,USA,2017,1,30,44,14.1,7.6,4.1,-1.9,0.037,0.186,0.171,0.618,0.182
Josh Jackson,SAC,25,8-Jun,80,207,Kansas,USA,2017,1,4,40,6.9,3.1,1.2,-9.4,0.023,0.153,0.19,0.497,0.11
Josh Okogie,MIN,23,4-Jun,76,213,Georgia Tech,Nigeria,2018,1,20,33,2.6,1.8,0.5,-0.4,0.051,0.082,0.105,0.466,0.06
Josh Richardson,SAS,28,5-Jun,77,200,Tennessee,USA,2015,2,40,45,9.6,2.8,1.5,4.1,0.024,0.087,0.163,0.568,0.094
Joshua Primo,SAS,19,4-Jun,76,189,Alabama,Canada,2021,1,12,30,4.9,1.7,1.4,-2.6,0.035,0.066,0.158,0.484,0.117
Jrue Holiday,MIL,31,3-Jun,75,205,UCLA,USA,2009,1,17,47,18.1,4.6,6.6,8.4,0.029,0.103,0.23,0.593,0.291
Juan Toscano-Anderson,GSW,28,6-Jun,78,209,Marquette,USA,Undrafted,Undrafted,Undrafted,56,4.5,2.6,1.9,2.6,0.034,0.143,0.153,0.559,0.189
Juancho Hernangomez,UTA,26,9-Jun,81,214,None,Spain,2016,1,15,25,1.2,1.6,0.2,-10.2,0.078,0.163,0.131,0.365,0.056
Julius Randle,NYK,27,8-Jun,80,250,Kentucky,USA,2014,1,7,57,19.8,10.2,5.2,-5.4,0.047,0.227,0.272,0.516,0.253
Justin Anderson,IND,28,5-Jun,77,231,Virginia,USA,2015,1,21,6,3.5,1.7,1.5,27.8,0.026,0.093,0.134,0.476,0.13
Justin Champagnie,TOR,20,6-Jun,78,206,Pittsburgh,USA,Undrafted,Undrafted,Undrafted,31,2.5,2.1,0.3,8.6,0.122,0.112,0.11,0.594,0.047
Justin Holiday,SAC,32,6-Jun,78,180,Washington,USA,Undrafted,Undrafted,Undrafted,53,11,2.7,1.9,-3.2,0.014,0.079,0.157,0.562,0.089
Justin Jackson,PHX,26,8-Jun,80,220,North Carolina,USA,2017,1,15,7,2.1,1,0.3,-15.6,0.019,0.167,0.177,0.472,0.125
Justin Robinson,DET,24,1-Jun,73,195,Virginia Tech,USA,2019,,,25,3.1,0.8,1.3,-17.5,0.011,0.051,0.153,0.404,0.175
Justise Winslow,POR,25,6-Jun,78,222,Duke,USA,2015,1,10,43,5.3,4.1,1.7,3.3,0.056,0.181,0.17,0.501,0.156
Jusuf Nurkic,POR,27,11-Jun,83,290,None,Bosnia and Herzegovina,2014,1,16,56,15,11.1,2.8,-0.1,0.101,0.283,0.233,0.586,0.16
Juwan Morgan,TOR,24,7-Jun,79,232,Indiana,USA,Undrafted,Undrafted,Undrafted,1,5,4,1,-43.1,0.065,0.071,0.045,0.833,0.059
KZ Okpala,MIA,22,8-Jun,80,215,Stanford,USA,2019,2,32,21,3.7,2,0.7,2.7,0.044,0.118,0.141,0.521,0.082
Kai Jones,CHA,21,10-Jun,82,221,Texas-Austin,Bahamas,2021,1,19,17,0.9,0.5,0.2,-12.6,0.045,0.12,0.154,0.627,0.138
Karl-Anthony Towns,MIN,26,11-Jun,83,248,Kentucky,USA,2015,1,1,52,24.4,9.7,4,4.5,0.076,0.197,0.268,0.633,0.191
Keifer Sykes,IND,28,11-May,71,167,Wisconsin-Green Bay,USA,Undrafted,Undrafted,Undrafted,20,6.5,1.8,2.2,-5.7,0.017,0.081,0.185,0.457,0.176
Keita Bates-Diop,SAS,26,8-Jun,80,229,Ohio State,USA,2018,2,48,45,5.3,3.9,0.6,2.7,0.058,0.16,0.138,0.563,0.05
Kelan Martin,IND,26,5-Jun,77,230,Butler,USA,Undrafted,Undrafted,Undrafted,27,6.3,2,0.8,-5.2,0.034,0.085,0.18,0.492,0.072
Keldon Johnson,SAS,22,6-Jun,78,220,Kentucky,USA,2019,1,29,55,15.7,6,1.8,1.5,0.031,0.146,0.2,0.571,0.08
Keljin Blevins,POR,26,4-Jun,76,200,Montana State,USA,2019,,,12,2,0.7,0.3,-28.9,0.027,0.078,0.171,0.503,0.093
Kelly Olynyk,DET,30,11-Jun,83,240,Gonzaga,Canada,2013,1,13,21,9.7,4.9,2.8,-11.2,0.072,0.181,0.233,0.499,0.212
Kelly Oubre Jr.,CHA,26,6-Jun,78,203,Kansas,USA,2015,1,15,54,16.2,4.1,1.1,-0.5,0.038,0.098,0.227,0.553,0.061
Kemba Walker,NYK,31,Jun-00,72,184,Connecticut,USA,2011,1,9,37,11.6,3,3.5,-9.1,0.014,0.099,0.202,0.537,0.22
Kenrich Williams,OKC,27,6-Jun,78,210,TCU,USA,Undrafted,Undrafted,Undrafted,49,7.4,4.5,2.2,1.7,0.062,0.123,0.153,0.532,0.159
Kent Bazemore,LAL,32,4-Jun,76,195,Old Dominion,USA,Undrafted,Undrafted,Undrafted,32,3.7,1.7,0.9,-7.9,0.019,0.091,0.124,0.455,0.085
Kentavious Caldwell-Pope,WAS,29,5-Jun,77,204,Georgia,USA,2013,1,8,55,11.6,3.4,1.7,-5.7,0.017,0.097,0.176,0.536,0.083
Kenyon Martin Jr.,HOU,21,5-Jun,77,215,None,USA,2020,2,52,55,8.6,3.9,1.3,-6.7,0.055,0.139,0.167,0.586,0.101
Keon Johnson,POR,19,4-Jun,76,185,Tennessee,USA,2021,1,21,15,3.5,1.4,0.9,-0.9,0.039,0.102,0.202,0.44,0.143
Kessler Edwards,BKN,21,7-Jun,79,203,Pepperdine,USA,2021,2,44,28,6.4,4.3,0.6,-5.1,0.039,0.13,0.128,0.488,0.034
Kevin Durant,BKN,33,10-Jun,82,240,Texas-Austin,USA,2007,1,2,36,29.3,7.4,5.8,4.5,0.016,0.168,0.31,0.626,0.266
Kevin Huerter,ATL,23,7-Jun,79,198,Maryland,USA,2018,1,19,51,11.6,3.2,2.8,3.9,0.015,0.09,0.167,0.571,0.131
Kevin Knox II,ATL,22,7-Jun,79,215,Kentucky,USA,2018,1,9,21,3,1.7,0.4,-14.5,0.058,0.13,0.183,0.469,0.086
Kevin Love,CLE,33,8-Jun,80,251,UCLA,USA,2008,1,5,50,14.3,7.3,2.1,5.2,0.05,0.258,0.249,0.593,0.153
Kevin Pangos,CLE,29,1-Jun,73,179,Gonzaga,Canada,Undrafted,Undrafted,Undrafted,24,1.6,0.5,1.3,-12.1,0.012,0.057,0.143,0.408,0.246
Kevin Porter Jr.,HOU,21,4-Jun,76,203,Southern California,USA,2019,1,30,39,13.7,3.9,6.2,-7.3,0.024,0.101,0.234,0.517,0.315
Kevon Looney,GSW,26,9-Jun,81,222,UCLA,USA,2015,1,30,59,6.3,7.6,1.7,7.3,0.127,0.211,0.129,0.572,0.11
Khem Birch,TOR,29,9-Jun,81,233,UNLV,Canada,Undrafted,Undrafted,Undrafted,31,5,4.5,1.1,3,0.116,0.127,0.11,0.561,0.08
Khris Middleton,MIL,30,7-Jun,79,222,Texas A&M,USA,2012,2,39,48,19.4,5.5,5.3,5.2,0.019,0.138,0.254,0.571,0.243
Killian Hayes,DET,20,5-Jun,77,195,None,France,2020,1,7,46,6.2,2.9,4.1,-12.9,0.018,0.098,0.149,0.449,0.243
Killian Tillie,MEM,23,9-Jun,81,220,Gonzaga,France,Undrafted,Undrafted,Undrafted,32,3.6,1.7,0.6,6.9,0.042,0.082,0.125,0.481,0.059
Kira Lewis Jr.,NOP,20,1-Jun,73,170,Alabama,USA,2020,1,13,24,5.9,1.6,2,-14.1,0.023,0.083,0.209,0.466,0.239
Klay Thompson,GSW,32,6-Jun,78,220,Washington State,USA,2011,1,11,16,17.1,3.8,3.1,7,0.015,0.119,0.281,0.545,0.189
Kristaps Porzingis,WAS,26,3-Jul,87,240,None,Latvia,2015,1,4,34,19.2,7.7,2,1.8,0.062,0.19,0.274,0.561,0.116
Kyle Anderson,MEM,28,9-Jun,81,230,UCLA,USA,2014,1,30,47,7.6,5.2,2.7,0.9,0.039,0.193,0.16,0.495,0.164
Kyle Guy,MIA,24,1-Jun,73,167,Virginia,USA,2019,2,55,15,4.9,0.9,1.1,-9.9,0.011,0.063,0.179,0.567,0.156
Kyle Kuzma,WAS,26,9-Jun,81,221,Utah,USA,2017,1,27,55,16.3,8.8,3.1,-5.5,0.035,0.218,0.229,0.546,0.144
Kyle Lowry,MIA,35,Jun-00,72,196,Villanova,USA,2006,1,24,46,13.3,4.6,7.9,5.9,0.017,0.115,0.183,0.572,0.334
Kyrie Irving,BKN,29,2-Jun,74,195,Duke,Australia,2011,1,1,14,24.1,4.8,5.4,-0.1,0.015,0.117,0.282,0.555,0.233
LaMarcus Aldridge,BKN,36,11-Jun,83,250,Texas-Austin,USA,2006,1,2,39,13.8,5.7,0.8,3.4,0.072,0.163,0.227,0.607,0.057
LaMelo Ball,CHA,20,7-Jun,79,180,None,USA,2020,1,3,53,20,7.1,7.5,-0.4,0.045,0.16,0.269,0.543,0.341
Lamar Stevens,CLE,24,6-Jun,78,230,Penn State,USA,Undrafted,Undrafted,Undrafted,41,5,2.2,0.6,0.1,0.049,0.099,0.162,0.529,0.067
Lance Stephenson,IND,31,5-Jun,77,210,Cincinnati,USA,2010,2,40,30,8.4,3,3.7,-1.2,0.018,0.149,0.217,0.532,0.295
Landry Shamet,PHX,24,4-Jun,76,190,Wichita State,USA,2018,1,26,45,7.4,1.9,1.6,6.7,0.012,0.078,0.155,0.529,0.109
Langston Galloway,MIL,30,1-Jun,73,200,St. Joseph's (PA),USA,Undrafted,Undrafted,Undrafted,7,2,2.6,1.7,-6.6,0.023,0.106,0.118,0.269,0.156
Larry Nance Jr.,NOP,29,7-Jun,79,245,Wyoming,USA,2015,1,27,37,6.9,5.6,2,-1.5,0.066,0.177,0.125,0.581,0.125
Lauri Markkanen,CLE,24,11-Jun,83,240,Arizona,Finland,2017,1,7,38,13.6,5.3,1.5,6.8,0.037,0.131,0.185,0.557,0.068
LeBron James,LAL,37,9-Jun,81,250,None,USA,2003,1,1,41,29.1,7.9,6.5,-0.7,0.031,0.177,0.308,0.615,0.31
Leandro Bolmaro,MIN,21,6-Jun,78,200,None,Argentina,2020,1,23,25,1.1,1.4,0.4,-8.7,0.069,0.102,0.103,0.389,0.082
Lindell Wigginton,MIL,23,1-Jun,73,189,Iowa State,Canada,2019,,,10,4.4,1.5,0.7,-7,0.01,0.124,0.146,0.694,0.099
Lindy Waters III,OKC,24,6-Jun,78,215,Oklahoma State,USA,Undrafted,Undrafted,Undrafted,3,1.7,0.3,0,0,0,0.071,0.083,0.833,0
Lonnie Walker IV,SAS,23,4-Jun,76,204,Miami,USA,2018,1,18,54,11.2,2.6,2.3,-2.2,0.011,0.094,0.229,0.493,0.143
Lonzo Ball,CHI,24,6-Jun,78,190,UCLA,USA,2017,1,2,35,13,5.4,5.1,3.1,0.029,0.125,0.17,0.575,0.203
Lou Williams,ATL,35,2-Jun,74,175,None,USA,2005,2,45,40,6.8,1.6,2,0.9,0.02,0.081,0.22,0.51,0.214
Louis King,SAC,22,7-Jun,79,205,Oregon,USA,Undrafted,Undrafted,Undrafted,10,4.5,1.2,0.9,-11.9,0,0.115,0.195,0.438,0.125
Luguentz Dort,OKC,22,3-Jun,75,215,Arizona State,Canada,Undrafted,Undrafted,Undrafted,51,17.2,4.2,1.7,-8.1,0.02,0.097,0.228,0.541,0.087
Luka Doncic,DAL,22,7-Jun,79,230,None,Slovenia,2018,1,3,44,27.5,9.2,9,4.3,0.024,0.23,0.364,0.554,0.474
Luka Garza,DET,23,10-Jun,82,243,Iowa,USA,2021,2,52,29,5.2,3,0.6,-5.7,0.128,0.117,0.185,0.53,0.076
Luke Kennard,LAC,25,5-Jun,77,206,Duke,USA,2017,1,12,50,11.8,3.5,2.3,3.3,0.008,0.106,0.158,0.616,0.119
Luke Kornet,BOS,26,2-Jul,86,250,Vanderbilt,USA,Undrafted,Undrafted,Undrafted,4,1,1.5,0.5,31.3,0.097,0.107,0.139,0.194,0.08
MJ Walker,PHX,23,5-Jun,77,213,Florida State,USA,Undrafted,Undrafted,Undrafted,2,0,0.5,0.5,-19.5,0,0.143,0.138,0,0.167
Mac McClung,CHI,23,2-Jun,74,185,Texas Tech,USA,Undrafted,Undrafted,Undrafted,1,2,0,0,-14.3,0,0,0.333,1,0
Malachi Flynn,TOR,23,1-Jun,73,175,San Diego State,USA,2020,1,29,34,2.9,1.1,1.1,-6.5,0.019,0.095,0.16,0.442,0.173
Malcolm Brogdon,IND,29,5-Jun,77,229,Virginia,USA,2016,2,36,28,18.5,5.1,5.9,2.4,0.025,0.123,0.241,0.558,0.279
Malcolm Hill,CHI,26,6-Jun,78,220,Illinois,USA,Undrafted,Undrafted,Undrafted,16,4.4,2,0.3,-5.9,0.057,0.108,0.119,0.646,0.027
Malik Beasley,MIN,25,4-Jun,76,187,Florida State,USA,2016,1,19,59,11.9,3,1.5,-1.7,0.014,0.102,0.197,0.511,0.087
Malik Fitts,UTA,24,5-Jun,77,230,None,USA,Undrafted,Undrafted,Undrafted,7,0.9,1.4,0,-38.2,0,0.208,0.136,0.333,0
Malik Monk,LAL,24,3-Jun,75,200,Kentucky,USA,2017,1,11,52,13,3.3,2.4,3.3,0.015,0.098,0.188,0.6,0.128
Malik Newman,CLE,24,3-Jun,75,190,Kansas,USA,2018,,,1,8,1,1,8.3,0,0.1,0.438,0.68,1
Mamadi Diakite,OKC,25,9-Jun,81,228,Virginia,Guinea,Undrafted,Undrafted,Undrafted,13,4.3,4.5,0.2,-3.2,0.084,0.216,0.136,0.54,0.018
Marcus Garrett,MIA,23,5-Jun,77,205,Kansas,USA,Undrafted,Undrafted,Undrafted,12,1.1,1.9,0.6,5.8,0.072,0.108,0.086,0.28,0.069
Marcus Morris Sr.,LAC,32,8-Jun,80,218,Kansas,USA,2011,1,14,36,16.2,4.8,2.2,-5.3,0.018,0.137,0.23,0.554,0.114
Marcus Smart,BOS,27,4-Jun,76,220,Oklahoma State,USA,2014,1,6,50,11.7,3.9,5.3,8.8,0.019,0.092,0.17,0.531,0.226
Markieff Morris,MIA,32,9-Jun,81,245,Kansas,USA,2011,1,13,10,7.7,2.8,1.4,9.5,0.072,0.073,0.19,0.533,0.102
Marko Simonovic,CHI,22,11-Jun,83,220,None,Montenegro,2020,2,44,9,1.9,1.1,0,1.2,0.122,0.119,0.247,0.428,0
Markus Howard,DEN,22,10-May,70,175,Marquette,USA,Undrafted,Undrafted,Undrafted,22,4.1,0.3,0.3,4.5,0,0.049,0.252,0.568,0.075
Marquese Chriss,DAL,24,9-Jun,81,240,Washington,USA,2016,1,8,23,5,3.5,0.5,1.3,0.086,0.211,0.212,0.526,0.078
Marvin Bagley III,DET,22,11-Jun,83,235,Duke,USA,2018,1,2,32,9.2,7.2,0.6,-4.3,0.091,0.221,0.18,0.513,0.038
Mason Jones,LAL,23,4-Jun,76,200,Arkansas,USA,Undrafted,Undrafted,Undrafted,2,2.5,1,0,-18.6,0.071,0.091,0.455,0.282,0
Mason Plumlee,CHA,31,11-Jun,83,254,Duke,USA,2013,1,22,51,6.7,8,3.1,-1.2,0.09,0.201,0.115,0.596,0.162
Matisse Thybulle,PHI,24,5-Jun,77,201,Washington,USA,2019,1,20,43,5.6,2.3,1.2,0.1,0.021,0.065,0.093,0.576,0.063
Matt Mooney,NYK,27,2-Jun,74,199,Texas Tech,USA,Undrafted,Undrafted,Undrafted,1,0,0,0,-100,0,0,0.4,0,0
Matt Thomas,CHI,27,3-Jun,75,190,Iowa State,USA,Undrafted,Undrafted,Undrafted,35,4.3,1.4,0.6,0.3,0.007,0.094,0.134,0.553,0.06
Maurice Harkless,SAC,28,7-Jun,79,220,St. John's,USA,2012,1,15,41,5.1,2.6,0.5,-3.5,0.015,0.111,0.113,0.558,0.036
Max Strus,MIA,25,5-Jun,77,215,DePaul,USA,Undrafted,Undrafted,Undrafted,47,10.7,3.2,1.3,3.5,0.017,0.117,0.176,0.602,0.081
Maxi Kleber,DAL,30,10-Jun,82,240,None,Germany,Undrafted,Undrafted,Undrafted,42,8,6,1.1,3.8,0.049,0.175,0.131,0.594,0.064
McKinley Wright IV,MIN,23,11-May,71,192,Colorado,USA,Undrafted,Undrafted,Undrafted,3,1.7,0,0.3,-61.9,0,0,0.167,0.833,0.333
Micah Potter,DET,23,10-Jun,82,248,Wisconsin,USA,Undrafted,Undrafted,Undrafted,3,4,3,0,-56.4,0.095,0.125,0.148,0.505,0
Michael Porter Jr.,DEN,23,10-Jun,82,218,Missouri,USA,2018,1,14,9,9.9,6.6,1.9,9.8,0.035,0.172,0.192,0.416,0.085
Mikal Bridges,PHX,25,6-Jun,78,209,Villanova,USA,2018,1,10,58,13.4,4.3,2.1,9.8,0.03,0.089,0.142,0.623,0.079
Mike Conley,UTA,34,1-Jun,73,175,Ohio State,USA,2007,1,4,52,13.8,3.1,5.3,10.3,0.022,0.082,0.203,0.58,0.276
Mike Muscala,OKC,30,10-Jun,82,240,Bucknell,USA,2013,2,44,43,8,3,0.5,1.8,0.032,0.166,0.198,0.63,0.06
Miles Bridges,CHA,23,7-Jun,79,225,Michigan State,USA,2018,1,12,58,20,7.2,3.6,0.6,0.03,0.158,0.221,0.579,0.145
Miles McBride,NYK,21,1-Jun,73,195,West Virginia,USA,2021,2,36,21,1.8,0.8,1.1,11,0.013,0.095,0.181,0.318,0.23
Mitchell Robinson,NYK,23,Jul-00,84,240,Western Kentucky,USA,2018,2,36,53,8.4,8.7,0.4,-1.2,0.139,0.185,0.109,0.73,0.026
Miye Oni,UTA,24,5-Jun,77,206,Yale,USA,2019,2,58,16,0.3,0.4,0.3,-33.3,0.024,0.118,0.095,0.265,0.179
Mo Bamba,ORL,23,Jul-00,84,231,Texas-Austin,USA,2018,1,6,49,10,7.9,1.3,-11.9,0.075,0.207,0.166,0.562,0.081
Monte Morris,DEN,26,2-Jun,74,183,Iowa State,USA,2017,2,51,52,12.7,3,4.3,7.5,0.013,0.084,0.177,0.568,0.196
Montrezl Harrell,CHA,28,7-Jun,79,240,Louisville,USA,2015,2,32,50,14.4,6.8,2,2.9,0.088,0.174,0.203,0.681,0.132
Moritz Wagner,ORL,24,11-Jun,83,245,Michigan,Germany,2018,1,25,45,7.6,2.4,1.1,-5.3,0.037,0.152,0.224,0.627,0.141
Moses Brown,DAL,22,2-Jul,86,245,UCLA,USA,Undrafted,Undrafted,Undrafted,26,3.1,2.3,0,1.1,0.092,0.232,0.213,0.588,0.01
Moses Moody,GSW,19,5-Jun,77,211,Arkansas,USA,2021,1,14,34,3.2,1.4,0.3,-6.3,0.024,0.111,0.15,0.502,0.052
Moses Wright,LAC,23,8-Jun,80,226,Georgia Tech,USA,Undrafted,Undrafted,Undrafted,1,0,0,1,33.3,0,0,0,0,1
Mychal Mulder,ORL,27,3-Jun,75,184,Kentucky,Canada,Undrafted,Undrafted,Undrafted,15,3.7,1.4,0.2,-12.8,0.009,0.095,0.164,0.405,0.024
Myles Powell,PHI,24,2-Jun,74,195,Seton Hall,USA,Undrafted,Undrafted,Undrafted,11,1.2,0.5,0.3,-15.1,0.019,0.098,0.163,0.364,0.088
Myles Turner,IND,25,11-Jun,83,250,Texas-Austin,USA,2015,1,11,42,12.9,7.1,1,-0.3,0.052,0.188,0.173,0.615,0.053
Naji Marshall,NOP,24,7-Jun,79,220,Xavier,USA,Undrafted,Undrafted,Undrafted,32,3.8,2.1,0.8,-3.8,0.042,0.159,0.194,0.486,0.127
Nassir Little,POR,22,5-Jun,77,220,North Carolina,USA,2019,1,25,42,9.8,5.6,1.3,-0.9,0.052,0.158,0.155,0.575,0.074
Nate Hinton,IND,22,5-Jun,77,210,Houston,USA,Undrafted,Undrafted,Undrafted,2,0,0,0,76.2,0,0,0.25,0,0
Nathan Knight,MIN,24,10-Jun,82,253,William & Mary,USA,Undrafted,Undrafted,Undrafted,28,3.1,2.1,0.5,-0.5,0.103,0.164,0.187,0.58,0.115
Naz Reid,MIN,22,9-Jun,81,264,Louisiana State,USA,Undrafted,Undrafted,Undrafted,56,8.1,3.9,0.9,-4.2,0.076,0.152,0.209,0.566,0.086
Neemias Queta,SAC,22,Jul-00,84,248,Utah State,Portugal,2021,2,39,10,2.1,1.9,0.4,-5,0.149,0.14,0.195,0.417,0.108
Nemanja Bjelica,GSW,33,9-Jun,81,234,None,Serbia,2010,2,35,53,6.2,3.9,1.9,5.5,0.055,0.187,0.186,0.554,0.186
Nerlens Noel,NYK,27,11-Jun,83,220,Kentucky,USA,2013,1,6,25,3.4,5.6,0.9,-5.7,0.084,0.161,0.072,0.581,0.06
Nic Claxton,BKN,22,11-Jun,83,215,Georgia,USA,2019,2,31,25,9.1,5.6,0.8,-7.1,0.104,0.141,0.159,0.639,0.063
Nick Richards,CHA,24,Jul-00,84,245,Kentucky,Jamaica,2020,2,42,41,3.4,2,0.3,-12.1,0.082,0.145,0.143,0.707,0.057
Nickeil Alexander-Walker,UTA,23,5-Jun,77,205,Virginia Tech,Canada,2019,1,17,52,12.3,3.2,2.7,-4,0.026,0.099,0.243,0.473,0.166
Nicolas Batum,LAC,33,8-Jun,80,230,None,France,2008,1,25,40,8.8,4.5,1.5,-4.3,0.018,0.153,0.13,0.641,0.089
Nik Stauskas,MIA,28,6-Jun,78,207,Michigan,Canada,2014,1,8,2,5.5,1.5,0.5,32.3,0.037,0.074,0.161,0.564,0.05
Nikola Jokic,DEN,27,11-Jun,83,284,None,Serbia,2014,2,41,52,26,13.8,7.9,10.1,0.092,0.314,0.305,0.653,0.39
Nikola Vucevic,CHI,31,10-Jun,82,260,Southern California,Montenegro,2011,1,16,52,18.2,11.7,3.6,2.9,0.062,0.283,0.243,0.536,0.164
Norman Powell,LAC,28,3-Jun,75,215,UCLA,USA,2015,2,46,43,18.8,3.3,2.2,-8.7,0.014,0.088,0.229,0.595,0.106
Norvel Pelle,UTA,29,10-Jun,82,231,Iona,USA,Undrafted,Undrafted,Undrafted,3,2,2,0,-54.2,0.15,0.158,0.152,0.6,0
OG Anunoby,TOR,24,7-Jun,79,232,Indiana,United Kingdom,2017,1,23,42,17.5,5.5,2.6,2.1,0.04,0.114,0.208,0.538,0.108
Obi Toppin,NYK,23,9-Jun,81,220,Dayton,USA,2020,1,8,54,7.3,3.6,0.9,8,0.062,0.163,0.202,0.58,0.098
Olivier Sarr,OKC,22,Jul-00,84,240,Kentucky,France,Undrafted,Undrafted,Undrafted,2,2,2.5,0,-32.4,0,0.294,0.138,0.515,0
Omer Yurtseven,MIA,23,11-Jun,83,275,Georgetown,Turkey,Undrafted,Undrafted,Undrafted,42,6.2,6,1,4.9,0.121,0.298,0.193,0.559,0.114
Onyeka Okongwu,ATL,21,8-Jun,80,240,Southern California,USA,2020,1,6,26,8.7,5.5,1.1,7,0.105,0.144,0.14,0.737,0.075
Oshae Brissett,IND,23,7-Jun,79,210,Syracuse,Canada,Undrafted,Undrafted,Undrafted,47,7.2,4.7,0.8,-5.4,0.068,0.16,0.157,0.514,0.059
Otto Porter Jr.,GSW,28,8-Jun,80,198,Georgetown,USA,2013,1,3,48,8.4,5.2,1.5,9.8,0.047,0.183,0.147,0.596,0.102
P.J. Dozier,DEN,25,6-Jun,78,205,South Carolina,USA,Undrafted,Undrafted,Undrafted,18,5.4,3.5,1.6,-12.9,0.038,0.144,0.147,0.463,0.135
P.J. Tucker,MIA,36,5-Jun,77,245,Texas-Austin,USA,2006,2,35,52,8.5,5.5,2.1,7.4,0.053,0.142,0.122,0.618,0.106
P.J. Washington,CHA,23,7-Jun,79,230,Kentucky,USA,2019,1,12,43,9.8,5.6,2,-0.3,0.047,0.165,0.16,0.577,0.113
Paris Bass,PHX,26,8-Jun,80,200,Detroit Mercy,USA,Undrafted,Undrafted,Undrafted,2,3,2,0,0.7,0.2,0.222,0.36,0.436,0
Pascal Siakam,TOR,27,8-Jun,80,230,New Mexico State,Cameroon,2016,1,27,44,21.9,8.7,5.2,4.9,0.052,0.18,0.252,0.564,0.222
Pat Connaughton,MIL,29,5-Jun,77,209,Notre Dame,USA,2015,2,41,54,10.1,4.4,1.2,-0.4,0.024,0.13,0.132,0.63,0.064
Patrick Beverley,MIN,33,1-Jun,73,180,Arkansas,USA,2009,2,42,40,9.2,4.4,4.9,4.7,0.039,0.122,0.155,0.532,0.251
Patrick Williams,CHI,20,7-Jun,79,215,Florida State,USA,2020,1,4,5,6.6,2.2,0.6,5.3,0.008,0.08,0.093,0.666,0.033
Patty Mills,BKN,33,Jun-00,72,180,St.Mary's College of California,Australia,2009,2,55,58,13.4,2.2,2.6,2.3,0.008,0.058,0.169,0.583,0.114
Paul George,LAC,31,8-Jun,80,220,Fresno State,USA,2010,1,10,26,24.7,7.1,5.5,1.3,0.012,0.175,0.332,0.528,0.276
Paul Millsap,PHI,37,7-Jun,79,257,Louisiana Tech,USA,2006,2,47,26,3.7,3.7,1,-3.4,0.097,0.191,0.162,0.46,0.142
Paul Reed,PHI,22,9-Jun,81,210,DePaul,USA,2020,2,58,24,2.4,2.7,0.4,-12.8,0.122,0.151,0.13,0.45,0.065
Paul Watson,OKC,27,6-Jun,78,210,Fresno State,USA,Undrafted,Undrafted,Undrafted,9,3.4,3,0.9,-17.9,0.016,0.145,0.106,0.432,0.074
Payton Pritchard,BOS,24,1-Jun,73,195,Oregon,USA,2020,1,26,49,4.7,1.6,1.7,-3.9,0.022,0.091,0.179,0.504,0.228
Petr Cornelie,DEN,26,11-Jun,83,220,None,France,2016,2,53,13,1.1,1.1,0.2,5.8,0.159,0.219,0.208,0.418,0.115
Precious Achiuwa,TOR,22,8-Jun,80,225,Memphis,Nigeria,2020,1,20,48,7.5,6.9,1.1,1.1,0.085,0.205,0.163,0.467,0.074
Quentin Grimes,NYK,21,4-Jun,76,210,Houston,USA,2021,1,25,39,6.5,2,1,-3.6,0.029,0.075,0.148,0.584,0.093
Quinndary Weatherspoon,GSW,25,3-Jun,75,205,Mississippi State,USA,2019,2,49,5,2.8,1.2,0.4,-9.6,0.03,0.2,0.173,0.643,0.1
R.J. Hampton,ORL,21,4-Jun,76,175,None,USA,2020,1,24,42,7.2,2.9,2.4,-16,0.016,0.133,0.194,0.478,0.213
RJ Barrett,NYK,21,6-Jun,78,214,Duke,Canada,2019,1,3,48,18,5.7,2.6,-5.9,0.024,0.138,0.251,0.513,0.133
RJ Nembhard Jr.,CLE,22,4-Jun,76,200,TCU,USA,Undrafted,Undrafted,Undrafted,7,1.6,0.3,1.4,-0.8,0,0.042,0.14,0.463,0.385
Rajon Rondo,CLE,35,1-Jun,73,180,Kentucky,USA,2006,1,21,31,4.8,3,4.1,-5.2,0.021,0.124,0.156,0.471,0.338
Raul Neto,WAS,29,2-Jun,74,180,None,Brazil,2013,2,47,49,7.8,2,2.8,-2,0.009,0.087,0.184,0.526,0.2
Rayjon Tucker,DEN,24,3-Jun,75,209,Arkansas-Little Rock,USA,Undrafted,Undrafted,Undrafted,3,2,1.3,1.3,4.3,0.056,0.103,0.053,0.798,0.143
Reggie Bullock,DAL,30,6-Jun,78,205,North Carolina,USA,2013,1,25,49,8.2,3.4,1,7.6,0.016,0.113,0.13,0.572,0.059
Reggie Jackson,LAC,31,2-Jun,74,208,Boston College,USA,2011,1,24,57,16.6,3.4,4.5,-1.5,0.015,0.089,0.268,0.492,0.233
Reggie Perry,IND,21,8-Jun,80,250,Mississippi State,USA,2020,2,57,3,4.3,2.7,0.7,-13.4,0.031,0.122,0.094,0.597,0.056
Richaun Holmes,SAC,28,10-Jun,82,235,Bowling Green,USA,2015,2,37,41,11,7.4,1.1,-5.7,0.082,0.202,0.156,0.697,0.071
Ricky Rubio,IND,31,2-Jun,74,190,None,Spain,2009,1,5,34,13.1,4.1,6.6,9.1,0.015,0.122,0.234,0.488,0.348
Rob Edwards,OKC,25,5-Jun,77,205,Arizona State,USA,Undrafted,Undrafted,Undrafted,2,1.5,1.5,0,-59.1,0,0.214,0.227,0.375,0
Robert Covington,LAC,31,7-Jun,79,209,Tennessee State,USA,Undrafted,Undrafted,Undrafted,55,7.6,5.5,1.4,-1.5,0.031,0.16,0.127,0.528,0.066
Robert Williams III,BOS,24,9-Jun,81,237,Texas A&M,USA,2018,1,27,47,10,9.7,2,8.4,0.129,0.177,0.114,0.738,0.096
Robert Woodard II,SAC,22,6-Jun,78,235,Mississippi State,USA,2020,2,40,12,0.6,0.9,0.3,16.7,0.086,0.146,0.158,0.207,0.086
Robin Lopez,ORL,33,Jul-00,84,281,Stanford,USA,2008,1,15,27,7.7,3.6,1.6,-7,0.102,0.087,0.193,0.585,0.159
Rodney Hood,LAC,29,8-Jun,80,208,Duke,USA,2014,1,23,41,3.1,1.7,0.8,-1.4,0.021,0.084,0.104,0.467,0.075
Rodney McGruder,DET,30,4-Jun,76,205,Kansas State,USA,Undrafted,Undrafted,Undrafted,33,4.5,1.9,0.8,-0.2,0.035,0.098,0.131,0.581,0.088
Romeo Langford,SAS,22,5-Jun,77,216,Indiana,USA,2019,1,14,44,4.7,2.4,0.4,0.3,0.037,0.093,0.124,0.52,0.039
Royce O'Neale,UTA,28,5-Jun,77,226,Baylor,USA,Undrafted,Undrafted,Undrafted,54,7.6,4.9,2.5,6.3,0.025,0.124,0.094,0.643,0.102
Rudy Gay,UTA,35,8-Jun,80,250,Connecticut,USA,2006,1,8,35,8.9,4.6,1.1,7.3,0.049,0.17,0.19,0.551,0.081
Rudy Gobert,UTA,29,1-Jul,85,258,None,France,2013,1,27,44,15.7,14.8,1.2,11.4,0.111,0.314,0.167,0.73,0.054
Rui Hachimura,WAS,24,8-Jun,80,230,Gonzaga,Japan,2019,1,9,18,8.9,3.3,1,-2.7,0.021,0.146,0.207,0.554,0.088
Russell Westbrook,LAL,33,3-Jun,75,200,UCLA,USA,2008,1,4,57,18.3,7.8,7.5,-3.1,0.038,0.172,0.266,0.506,0.333
Saben Lee,DET,22,2-Jun,74,183,Vanderbilt,USA,2020,2,38,28,4.9,2.4,2.3,-7.1,0.021,0.137,0.169,0.486,0.245
Saddiq Bey,DET,22,7-Jun,79,215,Villanova,USA,2020,1,19,58,15.9,5.8,2.8,-11.5,0.037,0.133,0.207,0.518,0.135
Sam Dekker,TOR,27,8-Jun,80,219,Wisconsin,USA,2015,1,18,1,0,0,0,-250,0,0,0,0,0
Sam Hauser,BOS,24,7-Jun,79,217,Virginia,USA,Undrafted,Undrafted,Undrafted,11,1.9,0.6,0.4,-1.7,0.016,0.086,0.136,0.553,0.133
Sam Merrill,MEM,25,4-Jun,76,205,Utah State,USA,2020,2,60,6,4.2,1.2,0.7,-11.1,0.012,0.107,0.178,0.485,0.108
Sandro Mamukelashvili,MIL,22,9-Jun,81,240,Seton Hall,Georgia,2021,2,54,34,3,1.8,0.5,-18.8,0.084,0.102,0.134,0.565,0.08
Santi Aldama,MEM,21,11-Jun,83,215,Loyola-Maryland,Spain,2021,1,30,27,3.3,2.4,0.5,2.7,0.069,0.147,0.16,0.425,0.069
Scottie Barnes,TOR,20,7-Jun,79,225,Florida State,USA,2021,1,4,49,14.4,7.4,3.3,1.1,0.062,0.144,0.182,0.536,0.142
Scottie Lewis,CHA,21,5-Jun,77,185,Florida,USA,2021,2,56,2,0.5,0,0.5,-11.8,0,0,0.059,0.568,0.2
Scotty Hopson,OKC,32,7-Jun,79,204,Tennessee,USA,2011,0,0,1,4,1,1,-18.4,0,0.043,0.143,0.5,0.091
Sekou Doumbouya,LAL,21,9-Jun,81,230,None,France,2019,1,15,2,7,3,0,67.8,0.111,0.182,0.286,0.717,0
Semi Ojeleye,LAC,27,6-Jun,78,240,Southern Methodist,USA,2017,2,37,22,2.9,2.7,0.2,-19.8,0.069,0.099,0.119,0.381,0.024
Serge Ibaka,MIL,32,10-Jun,82,235,None,Republic of the Congo,2008,1,24,38,6.6,4.4,1,-3.9,0.066,0.185,0.18,0.565,0.101
Seth Curry,BKN,31,2-Jun,74,185,Duke,USA,Undrafted,Undrafted,Undrafted,48,15.2,3.4,4.1,4.6,0.011,0.085,0.186,0.606,0.18
Shai Gilgeous-Alexander,OKC,23,6-Jun,78,180,Kentucky,Canada,2018,1,11,43,22.7,4.7,5.5,-5.1,0.018,0.106,0.289,0.531,0.276
Shake Milton,PHI,25,5-Jun,77,205,Southern Methodist,USA,2018,2,54,31,9.9,3.1,2.8,-3.1,0.024,0.097,0.197,0.502,0.186
Shaq Buchanan,MEM,25,3-Jun,75,190,Murray State,USA,Undrafted,Undrafted,Undrafted,2,1,1,1,-8.7,0.091,0.143,0.214,0.25,0.25
Shaquille Harrison,BKN,28,4-Jun,76,195,Tulsa,USA,Undrafted,Undrafted,Undrafted,2,2,2,1.5,-12.4,0.053,0.125,0.148,0.333,0.188
Sharife Cooper,ATL,20,1-Jun,73,176,Auburn,USA,2021,2,48,11,0.6,0.5,0.5,-41.6,0,0.167,0.221,0.25,0.313
Skylar Mays,ATL,24,4-Jun,76,205,Louisiana State,USA,2020,2,50,23,3.4,1.1,0.7,-10,0.023,0.097,0.152,0.6,0.119
Solomon Hill,ATL,30,6-Jun,78,226,Arizona,USA,2013,1,23,13,0.6,1.8,0.9,14.3,0.043,0.115,0.064,0.2,0.117
Spencer Dinwiddie,DAL,28,6-Jun,78,215,Colorado,USA,2014,2,38,46,12.3,4.6,5.7,-3.2,0.026,0.118,0.2,0.5,0.287
Stanley Johnson,LAL,25,6-Jun,78,242,Arizona,USA,2015,1,8,24,6.5,3.2,1.4,0.1,0.03,0.108,0.122,0.567,0.08
Stephen Curry,GSW,33,2-Jun,74,185,Davidson,USA,2009,1,7,54,25.8,5.3,6.3,11.9,0.016,0.124,0.297,0.594,0.285
Sterling Brown,DAL,27,5-Jun,77,219,Southern Methodist,USA,2017,2,46,38,3.7,3.4,0.8,3.4,0.04,0.196,0.125,0.523,0.082
Steven Adams,MEM,28,11-Jun,83,265,Pittsburgh,New Zealand,2013,1,12,56,7,9.6,3.2,8.2,0.159,0.189,0.121,0.563,0.15
Svi Mykhailiuk,TOR,24,7-Jun,79,205,Kansas,Ukraine,2018,2,47,43,5.3,2.1,0.9,-7.2,0.027,0.107,0.156,0.516,0.092
T.J. McConnell,IND,29,1-Jun,73,190,Arizona,USA,2015,0,,24,8.4,3.3,4.8,-5,0.032,0.104,0.155,0.536,0.287
Tacko Fall,CLE,26,6-Jul,90,311,Central Florida,Senegal,Undrafted,Undrafted,Undrafted,11,1.1,2.1,0.2,-0.8,0.115,0.271,0.124,0.398,0.048
Taj Gibson,NYK,36,9-Jun,81,232,Southern California,USA,2009,1,26,39,3.9,4.5,0.6,3.3,0.087,0.145,0.093,0.595,0.052
Talen Horton-Tucker,LAL,21,4-Jun,76,234,Iowa State,USA,2019,2,46,42,9.5,3.4,2.7,0,0.023,0.099,0.179,0.497,0.147
Taurean Prince,MIN,27,6-Jun,78,218,Baylor,USA,2016,1,12,47,5.7,2.3,0.9,-1.9,0.022,0.122,0.147,0.594,0.077
Terance Mann,LAC,25,5-Jun,77,215,Florida State,USA,2019,2,48,60,10.5,5.2,2.4,-0.3,0.043,0.124,0.153,0.567,0.12
Terence Davis,SAC,24,4-Jun,76,201,Mississippi,USA,Undrafted,Undrafted,Undrafted,30,10.4,3.1,1.3,4.4,0.019,0.138,0.244,0.543,0.107
Terrence Ross,ORL,31,6-Jun,78,206,Washington,USA,2012,1,8,51,10.6,2.5,2,-11.9,0.011,0.09,0.193,0.529,0.13
Terry Rozier,CHA,27,1-Jun,73,190,Louisville,USA,2015,1,16,51,18.7,4.3,4.3,-1,0.02,0.099,0.224,0.547,0.191
Terry Taylor,IND,22,5-Jun,77,230,Austin Peay,USA,Undrafted,Undrafted,Undrafted,13,9.5,6.8,1.5,-3.3,0.167,0.191,0.168,0.634,0.11
Thaddeus Young,TOR,33,8-Jun,80,235,Georgia Tech,USA,2007,1,12,28,6.1,3.6,2.2,-3.2,0.099,0.14,0.188,0.565,0.232
Thanasis Antetokounmpo,MIL,29,6-Jun,78,219,None,Greece,2014,2,51,37,2.6,2.1,0.5,-12.6,0.084,0.132,0.138,0.507,0.081
Theo Maledon,OKC,20,4-Jun,76,175,None,France,2020,2,34,31,4.3,1.6,1.2,-13.6,0.018,0.092,0.173,0.451,0.129
Theo Pinson,DAL,26,5-Jun,77,212,North Carolina,USA,Undrafted,Undrafted,Undrafted,16,1.8,1.2,0.8,-18.4,0.007,0.141,0.127,0.415,0.171
Thomas Bryant,WAS,24,10-Jun,82,248,Indiana,USA,2017,2,42,16,8.1,4,0.9,-13.3,0.072,0.162,0.186,0.6,0.087
Tim Frazier,ORL,31,Jun-00,72,170,Penn State,USA,Undrafted,Undrafted,Undrafted,10,3.7,1.9,3.3,-16,0.025,0.069,0.133,0.394,0.254
Tim Hardaway Jr.,DAL,29,5-Jun,77,205,Michigan,USA,2013,1,24,42,14.2,3.7,2.2,1.3,0.01,0.114,0.214,0.52,0.115
Timothe Luwawu-Cabarrot,ATL,26,7-Jun,79,215,None,France,2016,1,24,36,4.1,1.4,0.7,-5.2,0.019,0.087,0.139,0.537,0.081
Tobias Harris,PHI,29,7-Jun,79,226,Tennessee,USA,2011,1,19,49,18.7,7.3,3.7,0.6,0.033,0.174,0.232,0.564,0.169
Tomas Satoransky,SAS,30,7-Jun,79,210,None,Czech Republic,2012,2,32,32,2.8,2,2.4,-13.4,0.035,0.096,0.125,0.373,0.238
Tony Bradley,CHI,24,10-Jun,82,248,North Carolina,USA,2017,1,28,45,3.1,3.7,0.5,5.8,0.119,0.193,0.121,0.594,0.057
Tony Snell,NOP,30,6-Jun,78,213,New Mexico,USA,2013,1,20,41,3,1.9,0.5,-11.8,0.019,0.111,0.094,0.533,0.052
Torrey Craig,PHX,31,7-Jun,79,221,South Carolina Upstate,USA,Undrafted,Undrafted,Undrafted,54,6.5,3.9,1.1,-7.3,0.053,0.13,0.136,0.561,0.083
Trae Young,ATL,23,1-Jun,73,164,Oklahoma,USA,2018,1,5,53,27.8,3.9,9.3,0.8,0.018,0.092,0.338,0.592,0.432
Trayvon Palmer,DET,27,6-Jun,78,200,Chicago State,USA,Undrafted,Undrafted,Undrafted,1,0,2,0,-33,0,0.133,0.053,0,0
Tre Jones,SAS,22,1-Jun,73,185,Duke,USA,2020,2,41,46,4.8,1.8,2.4,-3.6,0.027,0.099,0.147,0.552,0.255
Tre Mann,OKC,21,3-Jun,75,178,Florida,USA,2021,1,18,45,8.7,2.2,1,-7.1,0.014,0.088,0.202,0.49,0.085
Tremont Waters,WAS,24,10-May,70,175,Louisiana State,USA,2019,2,51,3,3.3,1.3,2.3,-17.1,0,0.077,0.15,0.357,0.179
Trendon Watford,POR,21,8-Jun,80,237,Louisiana State,USA,Undrafted,Undrafted,Undrafted,33,4.5,3.2,1.1,-10.6,0.059,0.188,0.145,0.619,0.131
Trent Forrest,UTA,23,4-Jun,76,210,Florida State,USA,Undrafted,Undrafted,Undrafted,46,3.2,1.7,1.5,3.9,0.032,0.096,0.124,0.597,0.173
Trevelin Queen,HOU,24,6-Jun,78,190,New Mexico State,USA,Undrafted,Undrafted,Undrafted,8,4.6,1.8,0.4,2.7,0.074,0.148,0.218,0.61,0.06
Trevon Scott,CLE,25,8-Jun,80,225,Cincinnati,USA,Undrafted,Undrafted,Undrafted,2,3,1,0,19.4,0.071,0.083,0.207,0.5,0
Trevor Ariza,LAL,36,8-Jun,80,215,UCLA,USA,2004,2,43,20,4,3.4,1.2,-3.9,0.015,0.154,0.101,0.493,0.08
Trey Burke,DAL,29,Jun-00,72,185,Michigan,USA,2013,1,9,32,5.7,0.9,1.4,0.9,0.009,0.071,0.254,0.507,0.228
Trey Lyles,SAC,26,9-Jun,81,234,Kentucky,Canada,2015,1,12,53,10.1,4.7,1.1,-7.9,0.058,0.186,0.22,0.578,0.096
Trey Murphy III,NOP,21,8-Jun,80,206,Virginia,USA,2021,1,17,41,3.9,2.1,0.5,-1.7,0.047,0.118,0.133,0.499,0.059
Tristan Thompson,IND,30,9-Jun,81,254,University of Texas at Austin,Canada,2011,1,4,34,6.3,5.3,0.6,-6,0.134,0.194,0.188,0.522,0.057
Troy Brown Jr.,CHI,22,6-Jun,78,215,Oregon,USA,2018,1,15,48,4.6,3.5,1.1,-3.8,0.042,0.152,0.119,0.5,0.084
Ty Jerome,OKC,24,5-Jun,77,195,Virginia,USA,2019,1,24,48,7.1,1.6,2.3,-1.5,0.021,0.072,0.205,0.488,0.229
Tyler Cook,CHI,24,8-Jun,80,255,Iowa,USA,Undrafted,Undrafted,Undrafted,19,3.4,2.7,0.2,-8.6,0.081,0.2,0.124,0.645,0.021
Tyler Hall,NYK,24,5-Jun,77,209,Montana State,USA,Undrafted,Undrafted,Undrafted,1,0,0,0,-100,0,0,0,0,0
Tyler Herro,MIA,22,5-Jun,77,195,Kentucky,USA,2019,1,13,46,20,4.8,3.9,3.6,0.018,0.124,0.28,0.536,0.202
Tyler Johnson,SAS,29,3-Jun,75,186,Fresno State,USA,Undrafted,Undrafted,Undrafted,6,2.8,2,1.2,-1.9,0.029,0.1,0.1,0.425,0.1
Tyrell Terry,MEM,21,2-Jun,74,160,Stanford,USA,2020,2,31,2,1,0,0,-6.9,0,0,0.111,1,0
Tyrese Haliburton,IND,21,5-Jun,77,185,Iowa State,USA,2020,1,12,55,14.7,3.9,7.7,-5.9,0.02,0.091,0.18,0.581,0.325
Tyrese Maxey,PHI,21,2-Jun,74,200,Kentucky,USA,2020,1,21,51,16.9,3.5,4.6,2.8,0.011,0.087,0.201,0.567,0.203
Tyus Jones,MEM,25,Jun-00,72,196,Duke,USA,2015,1,24,53,8.1,2.5,4.2,5.4,0.011,0.102,0.158,0.549,0.285
Udoka Azubuike,UTA,22,Jul-00,84,270,Kansas,Nigeria,2020,1,27,15,4.8,4.1,0,6.3,0.086,0.227,0.146,0.737,0
Udonis Haslem,MIA,41,8-Jun,80,235,Florida,USA,Undrafted,Undrafted,Undrafted,9,2.9,2,0.3,7.5,0.074,0.25,0.188,0.557,0.077
Usman Garuba,HOU,19,8-Jun,80,229,None,Spain,2021,1,23,15,1.3,2.3,0.5,17.3,0.08,0.227,0.108,0.382,0.09
Vernon Carey Jr.,WAS,20,9-Jun,81,270,Duke,USA,2020,2,32,5,1.6,1,0,-53.7,0.136,0.111,0.167,0.546,0
Vit Krejci,OKC,21,8-Jun,80,195,None,Czech Republic,2020,2,37,6,1,0.8,0.3,-2.7,0,0.135,0.115,0.436,0.091
Vlatko Cancar,DEN,24,8-Jun,80,236,None,Slovenia,2017,2,49,14,4.3,1.6,0.9,3.9,0.036,0.108,0.141,0.678,0.126
Wayne Ellington,LAL,34,4-Jun,76,207,North Carolina,USA,2009,1,28,35,6.1,1.7,0.7,-5.3,0.013,0.074,0.13,0.571,0.052
Wayne Selden,NYK,27,4-Jun,76,232,Kansas,USA,2016,,,3,1.7,0.3,0.3,-34.5,0,0.053,0.136,0.434,0.091
Wendell Carter Jr.,ORL,22,10-Jun,82,270,Duke,USA,2018,1,7,51,14,10.2,2.7,-5.4,0.069,0.263,0.199,0.589,0.149
Wenyen Gabriel,LAC,24,9-Jun,81,205,Kentucky,South Sudan,Undrafted,Undrafted,Undrafted,7,2,2.1,0.3,2.8,0.091,0.154,0.146,0.474,0.059
Wes Iwundu,ATL,27,6-Jun,78,195,Kansas State,USA,2017,2,33,3,7.3,4.3,0,-1.4,0.036,0.143,0.111,0.557,0
Wesley Matthews,MIL,35,4-Jun,76,220,Marquette,USA,Undrafted,Undrafted,Undrafted,30,4.9,1.8,0.7,8.8,0.026,0.062,0.108,0.535,0.046
Will Barton,DEN,31,5-Jun,77,181,Memphis,USA,2012,2,40,51,15.2,5,3.9,1.6,0.02,0.132,0.21,0.55,0.176
Willie Cauley-Stein,DAL,28,Jul-00,84,240,Kentucky,USA,2015,1,6,18,1.9,2.1,0.5,6.1,0.065,0.137,0.102,0.474,0.069
Willy Hernangomez,NOP,27,11-Jun,83,250,None,Spain,2015,2,35,31,8.9,6.9,1.3,-4.6,0.148,0.263,0.214,0.589,0.123
Xavier Moon,LAC,27,2-Jun,74,165,Morehead State,USA,Undrafted,Undrafted,Undrafted,6,5.5,1.5,1.7,-7.8,0.01,0.079,0.184,0.467,0.196
Xavier Sneed,UTA,24,5-Jun,77,215,Kansas State,USA,Undrafted,Undrafted,Undrafted,2,0,1,0,-25,0.083,0.167,0.095,0,0
Xavier Tillman,MEM,23,8-Jun,80,245,Michigan State,USA,2020,2,35,39,4.5,3,1,-3,0.082,0.143,0.164,0.505,0.114
Yuta Watanabe,TOR,27,9-Jun,81,215,George Washington,Japan,Undrafted,Undrafted,Undrafted,25,4.9,2.9,0.6,-7.1,0.035,0.148,0.153,0.512,0.06
Yves Pons,MEM,22,5-Jun,77,206,Tennessee,France,Undrafted,Undrafted,Undrafted,7,0.4,0.7,0,-2.7,0.067,0.1,0.068,0.387,0
Zach Collins,SAS,24,11-Jun,83,250,Gonzaga,USA,2017,1,10,5,5.8,5.2,2.2,-0.5,0.09,0.2,0.186,0.504,0.183
Zach LaVine,CHI,26,5-Jun,77,200,UCLA,USA,2014,1,13,47,24.6,4.9,4.5,2.5,0.008,0.128,0.287,0.606,0.206
Zeke Nnaji,DEN,21,9-Jun,81,240,Arizona,USA,2020,1,22,39,6.8,3.7,0.4,-2.7,0.081,0.146,0.148,0.652,0.035
Ziaire Williams,MEM,20,9-Jun,81,185,Stanford,USA,2021,1,10,40,7.3,1.8,0.9,1.6,0.011,0.064,0.138,0.535,0.053
Zylan Cheatham,UTA,26,5-Jun,77,220,Arizona State,USA,Undrafted,Undrafted,Undrafted,1,0,0,0,-106.8,0,0,0.25,0,0
